"ENSEMBL","SYMBOL","baseMean","log2FC_raw","lfcSE","stat","pvalue","padj","log2FC_shrunk"
"ENSG00000129437","KLK14",127.930431229051,-3.31473924776569,0.608519238462743,-5.44722177747324,5.1162654805133e-08,3.9846810240189e-05,-5.52398254873481
"ENSG00000170091","HMP19",147.572270698866,-2.87146657373038,0.665561567947374,-4.31435153713297,1.60072061753983e-05,0.0027050668322633,-4.41029453517176
"ENSG00000114200","BCHE",158.263854725407,-1.85440533385284,0.526952342828481,-3.51911393713347,0.000432990710876961,0.0201714502742995,-4.06994860734754
"ENSG00000102854","MSLN",68.567581694392,-1.93114224269572,0.483953987325373,-3.99034266329408,6.59779047880205e-05,0.00667718761846221,-3.77559644638579
"ENSG00000096006","CRISP3",782.855266241917,-2.45259725185558,0.700136069504901,-3.5030294233947,0.000459998647911716,0.020703406482519,-3.77408152007591
"ENSG00000197893","NRAP",11.7005261251861,-1.77326242798889,0.582333425338456,-3.04509813593176,0.00232604398239323,0.0483369209473434,-3.76402645466865
"ENSG00000177238","TRIM72",128.244917430619,-3.03640897542546,0.581556259092369,-5.22117839495763,1.7778816977347e-07,9.09919852900617e-05,-3.75270198163293
"ENSG00000150625","GPM6A",156.234823243273,-2.03321718992283,0.59943558069697,-3.39188605981444,0.000694132989615029,0.0253973510985952,-3.50674063484316
"ENSG00000134020","PEBP4",180.821543386703,-3.50111386277058,0.571249079661244,-6.12887440422097,8.85029534596133e-10,1.2195026194785e-06,-3.43342144087328
"ENSG00000181577","C6orf223",26.4758835732923,-1.61836660912241,0.508915682432097,-3.18002896155267,0.00147260333858486,0.0375765578405564,-3.22722314602105
"ENSG00000147485","PXDNL",422.579374572605,-2.56911616546,0.539937581109184,-4.75817252835469,1.95353497281677e-06,0.000486023221778706,-2.98565062515426
"ENSG00000161798","AQP5",185.999874126682,-2.49480114144412,0.607040448308141,-4.10977744299788,3.96040628354875e-05,0.00477466723040938,-2.76816297227272
"ENSG00000147573","TRIM55",17.9767421543693,-2.60812410217264,0.556993683731745,-4.68250211510253,2.83394262730741e-06,0.000650825824140483,-2.72892869303103
"ENSG00000111218","PRMT8",16.6234336001887,-2.41222785579589,0.592506998045827,-4.07122255728922,4.67670404614376e-05,0.00523586247366082,-2.72728275870434
"ENSG00000137558","PI15",2967.1216167849,-3.08811487256075,0.608357049730193,-5.07615531689875,3.85148501448833e-07,0.000144605492884587,-2.7140932164778
"ENSG00000128564","VGF",58.2338662897577,-2.30858866991714,0.545675322034105,-4.2307001557473,2.32965042305452e-05,0.00338997524198858,-2.65763894796827
"ENSG00000156885","COX6A2",3.53411921945142,-2.57951636885889,0.703184403078165,-3.66833558532747,0.000244134610249593,0.0152908506062971,-2.55252029539582
"ENSG00000139610","CELA1",2.59083941614396,2.69917956316454,0.45742311558692,5.90083769531678,3.61660555387203e-09,4.04901595540686e-06,2.54204547553664
"ENSG00000174226","SNX31",10.2782625061768,2.87478384718066,0.461243190823262,6.23268571629107,4.58505465183081e-10,6.84434033152044e-07,2.48062265618464
"ENSG00000186710","CFAP73",16.5743833824214,-2.2922225930957,0.471248352176833,-4.86414983205196,1.14949814701214e-06,0.000332112263023041,-2.25356525072192
"ENSG00000180694","TMEM64",3189.43051922704,2.40582689800892,0.439184673273656,5.47793910947763,4.30308147383232e-08,3.50368629276174e-05,2.24429492610507
"ENSG00000142102","PGGHG",5603.17640070583,-2.38330087696733,0.404938220497279,-5.88559132314195,3.96633299423727e-09,4.17934840739836e-06,-2.22976921436597
"ENSG00000107014","RLN2",153.105993559942,-1.96289188102337,0.433388689611914,-4.5291719144334,5.92153049517628e-06,0.00119182444674262,-2.19923847033912
"ENSG00000125144","MT1G",547.211131899315,-2.43604407765316,0.519988696152489,-4.68480198834703,2.80230713833734e-06,0.000650825824140483,-2.16556483447799
"ENSG00000171872","KLF17",16.3504343253447,-2.30880698066051,0.573560294444375,-4.02539541705396,5.68796558128344e-05,0.00602890695014972,-2.14336224144778
"ENSG00000152669","CCNO",1016.84282586922,-2.35055751679893,0.478163020494494,-4.915807822964,8.84171007516591e-07,0.000282824201029369,-2.12000390007525
"ENSG00000197249","SERPINA1",18665.8526052413,-2.3547306600138,0.491029180318487,-4.79550045984333,1.62269197640229e-06,0.000421264947439046,-2.10907847871014
"ENSG00000101489","CELF4",46.2366513694118,-1.48099122704899,0.432321731956523,-3.425669166217,0.000613286891994845,0.0239171493356108,-2.06947273250618
"ENSG00000273274","ZBTB8B",11.0861341891906,2.22184933278436,0.483241398790969,4.59780419960551,4.2696696168386e-06,0.000899795198193292,2.0072057264734
"ENSG00000139364","TMEM132B",29.7101062216212,2.06160610760244,0.276595424619211,7.45350762920483,9.08907398402501e-14,4.070314556896e-10,1.98832390955058
"ENSG00000158764","ITLN2",2.28642994547007,2.95839863390291,0.888682423311399,3.32897169596238,0.00087167262281474,0.028448896901398,1.84705888285913
"ENSG00000108786","HSD17B1",116.156575167872,-1.8837096374065,0.425424589070053,-4.42783441719755,9.51839261738201e-06,0.00173982619342004,-1.83374312158239
"ENSG00000132874","SLC14A2",58.9569088211115,-1.48417931290654,0.451366914106314,-3.28818809381532,0.00100834446663186,0.0307361334190479,1.68557676554502
"ENSG00000152049","KCNE4",6655.21029255414,-1.92241983014308,0.436152160435453,-4.40768154908081,1.04483012551554e-05,0.00187160420383599,-1.68084232053042
"ENSG00000188032","C19orf67",4.69436746257787,-1.89025377583459,0.431614531107853,-4.37949521991939,1.18954530762403e-05,0.00208905147994796,-1.66980495820666
"ENSG00000166569","CPLX4",1.26364925407641,2.03391251417613,0.586362402417657,3.46869530820874,0.000522992227749693,0.0219259912076811,1.6552169481769
"ENSG00000113763","UNC5A",639.62777061217,-1.91676417332574,0.458962110370315,-4.17630155086047,2.96286990602349e-05,0.00390986101776658,-1.63974204845229
"ENSG00000185028","LRRC14B",47.97860287189,-1.89221181523776,0.45077093047712,-4.19772369357301,2.69611296183208e-05,0.00368667721261817,-1.62357648831536
"ENSG00000120068","HOXB8",79.2345777510908,-1.46185640035153,0.438928802172706,-3.33050916940357,0.000866873084677609,0.0283929519207615,-1.61850064745298
"ENSG00000172322","CLEC12A",71.9041613764384,1.74415295041565,0.341483976882656,5.10756892999109,3.26330069642235e-07,0.000127077185597855,1.6075668558281
"ENSG00000196482","ESRRG",828.847376597853,-1.87167523886361,0.451607466513065,-4.14447363617596,3.40595135983705e-05,0.00432593734057318,-1.5964598999823
"ENSG00000174939","ASPHD1",306.8469220409,-1.84692133923401,0.439956802311541,-4.19796063961338,2.69329427283591e-05,0.00368667721261817,-1.5852222472594
"ENSG00000155816","FMN2",40.0886783181997,1.79796691964712,0.4543381580457,3.95733197356993,7.5791565012924e-05,0.00734183531793994,1.55998279364161
"ENSG00000215187","FAM166B",54.8921056477335,-1.6256483536956,0.378039664341871,-4.30020579064287,1.70639575916217e-05,0.002778787930352,-1.54625629328935
"ENSG00000197993","KEL",69.8852852869231,-1.75564601523926,0.396178426052132,-4.43145285000512,9.36002816935249e-06,0.00172851736698568,-1.54397925241472
"ENSG00000129167","TPH1",187.225551716131,-2.15064707724738,0.536709877481344,-4.00709427473158,6.14703314564239e-05,0.00632826464010874,1.54026345548136
"ENSG00000124939","SCGB2A1",1055.71978704,-2.89220050398765,0.613975053351884,-4.71061566459128,2.46969588524205e-06,0.000585750021130276,-1.5326808981817
"ENSG00000275395","FCGBP",2827.06641592114,-1.75909149079178,0.427778127620759,-4.11215856354227,3.91976923808467e-05,0.00477466723040938,-1.49751491158732
"ENSG00000114854","TNNC1",43.1138299310323,-1.06651147973223,0.344646561514266,-3.09450781997162,0.00197139737696879,0.0439001378808142,-1.47351746541917
"ENSG00000103269","RHBDL1",355.604689260012,-1.61696477354393,0.331492772735506,-4.87782813543898,1.07260318129777e-06,0.000314976078468637,-1.46041449717388
"ENSG00000145491","ROPN1L",87.0786222361037,-1.52591646073165,0.3928183787096,-3.88453428717937,0.000102526223962623,0.00914010565841557,-1.4551459648495
"ENSG00000174885","NLRP6",55.2116579258654,-1.69427549680313,0.412319962105067,-4.10912798922743,3.97155929956454e-05,0.00477466723040938,-1.44638684457776
"ENSG00000130598","TNNI2",53.1146490695507,-1.20090059969689,0.351899099883074,-3.41262765405172,0.000643397853456827,0.0243661432324992,-1.40272075849645
"ENSG00000170689","HOXB9",108.514540787994,-1.44597122433548,0.403932917120226,-3.57973109655013,0.00034394796005085,0.0182823139714863,-1.38374204356986
"ENSG00000171877","FRMD5",78.1825699981655,1.50625645508044,0.310146805301231,4.85659187628092,1.19423382655568e-06,0.000334254852110812,1.3756077925271
"ENSG00000179083","FAM133A",20.7181381237345,1.59365466279951,0.416660166206356,3.82483086230574,0.000130861895742623,0.0103722528249451,1.36095728075735
"ENSG00000153721","CNKSR3",752.453714380612,-1.51576650497822,0.406148248749734,-3.73205229776141,0.000189926056595481,0.0128382847237541,-1.35195440865613
"ENSG00000104899","AMH",128.362474602758,-1.66064731705728,0.441443146251136,-3.76186000657157,0.000168654444062787,0.0120844282259868,-1.34712131003056
"ENSG00000257108","NHLRC4",291.921342339361,-1.55630388020016,0.367540996991074,-4.23436811931474,2.29195240191936e-05,0.00337441461890749,-1.34674720009658
"ENSG00000160862","AZGP1",73174.4585749931,-1.50668782518907,0.325886920459694,-4.62334549377971,3.77600021428598e-06,0.000805232045696484,-1.34340874327252
"ENSG00000124713","GNMT",178.492744589113,-1.44513184054253,0.393384202505156,-3.67358890199357,0.000239167411754404,0.0150852318547769,-1.34095172096744
"ENSG00000149328","GLB1L2",1121.22789922732,-1.53623390202339,0.360881274508543,-4.25689557906674,2.07285110135518e-05,0.00317358818620301,-1.33169258494492
"ENSG00000166596","CFAP52",30.509816748598,-1.38506497649748,0.35777954222892,-3.871280531773,0.000108265107427468,0.00935815474733244,-1.32397309371349
"ENSG00000260428","SCX",70.3388518799831,-1.56265496893087,0.387448242813907,-4.03319668604464,5.50231880391483e-05,0.0059375323334052,-1.32392472451863
"ENSG00000151023","ENKUR",46.180016039023,-1.58613564577495,0.409046822724038,-3.8776383476398,0.000105475350550763,0.00926166644321482,-1.31682224577239
"ENSG00000152595","MEPE",9.00090811581423,1.94902238082778,0.59651415521774,3.26735311103614,0.0010855818463114,0.0321954099552585,1.30521901188822
"ENSG00000165995","CACNB2",265.720202386566,-1.23350458041242,0.395807037410916,-3.11642912789301,0.00183055675682931,0.0424201334865246,-1.30129466160942
"ENSG00000243649","CFB",571.282268217352,-1.51243053830329,0.36285323701082,-4.16816052341899,3.07067661598231e-05,0.00398587175522399,-1.30067178112995
"ENSG00000162366","PDZK1IP1",1332.72944529558,-1.57572327639108,0.421804326118541,-3.73567357853093,0.000187213388888825,0.012756166572828,-1.27528353465427
"ENSG00000171649","ZIK1",345.238813182705,1.43856804218767,0.340162297467694,4.22906375249978,2.34665846037283e-05,0.00338997524198858,1.27047602892552
"ENSG00000262484","CCER2",23.3976980224169,-1.52845564370845,0.395670180574419,-3.8629538407203,0.000112024181681358,0.00958624426094918,-1.27007770354531
"ENSG00000185792","NLRP9",3.11080945123583,1.50420477738936,0.402170320784274,3.74021825990541,0.000183860531738249,0.012756166572828,1.26764424855149
"ENSG00000182631","RXFP3",4.38005401368634,1.44834237514233,0.356574657280422,4.06182084332289,4.86914396069769e-05,0.00538401084987517,1.26039221480586
"ENSG00000166592","RRAD",128.554581364995,-1.55152878376082,0.419324290190978,-3.70006894438237,0.000215540901998142,0.0141947947701938,-1.2488915375066
"ENSG00000092850","TEKT2",119.239552034007,-1.4977452665864,0.389780391505402,-3.84253620558449,0.000121769444105687,0.0100518712085953,-1.23808981662341
"ENSG00000163263","C1orf189",22.2201202022305,-1.38711896049162,0.38793060395776,-3.57568839978054,0.000349307512253313,0.0183117878532681,-1.22943768326866
"ENSG00000119514","GALNT12",98.600983737702,1.48168807267162,0.284453205590486,5.20889919168194,1.8996428190813e-07,9.45230606061202e-05,1.19891333792537
"ENSG00000167701","GPT",282.948478842528,-1.48617931261188,0.404346352385035,-3.675510620649,0.00023737416502067,0.0150852318547769,-1.19333839244066
"ENSG00000176177","ENTHD1",19.8881462699247,1.42910026716699,0.399989608999596,3.57284348146261,0.000353125844515227,0.0183889679142054,1.18647920845468
"ENSG00000144476","ACKR3",2046.8684823471,1.29096415728079,0.263709269784778,4.89540681802497,9.81025688496215e-07,0.000292885219300545,1.18056400418164
"ENSG00000179902","C1orf194",44.9761678066676,-1.31903088605074,0.410144555941548,-3.21601461470751,0.00129984212389706,0.0357466942983599,-1.17276141916054
"ENSG00000101197","BIRC7",19.1424558763352,-1.49893230208143,0.428697608104081,-3.49647927524129,0.000471441113086458,0.020992496430979,-1.1627039182001
"ENSG00000108878","CACNG1",147.272181968592,1.48116206166046,0.462067262152906,3.20551180094277,0.00134822518244089,0.0361919156454509,1.16008439232332
"ENSG00000099866","MADCAM1",27.9064728487351,-1.34626756837801,0.338558250709643,-3.97647248459057,6.9945087773957e-05,0.00692224506792757,-1.13756645868265
"ENSG00000165682","CLEC1B",3.89661966699991,1.3658680415997,0.381830898522919,3.5771543028169,0.000347355146975189,0.0183117878532681,1.13222991191645
"ENSG00000167034","NKX3-1",1253.08486866973,-1.29282911652953,0.42667007659727,-3.03004402567893,0.0024451809278005,0.0497034846087443,-1.12407320735711
"ENSG00000176907","C8orf4",5555.07684742345,-1.44164981990369,0.409234532407995,-3.52279611258809,0.000427019725580529,0.0200562304148761,-1.11961727339637
"ENSG00000132825","PPP1R3D",1383.13284973228,1.18401936041127,0.196750316887353,6.01787778105163,1.76718535008059e-09,2.11037274506624e-06,1.11839749638575
"ENSG00000177685","CRACR2B",4194.27778951144,-1.28145980323017,0.299023722921968,-4.28547872626337,1.82346097654777e-05,0.00294267175431534,-1.11784120988485
"ENSG00000054793","ATP9A",10170.408074479,1.18726760279206,0.213112495135405,5.57108395750189,2.53159286997728e-08,2.26742115399515e-05,1.11002683709264
"ENSG00000154269","ENPP3",114.426962530646,-0.961395126241274,0.306736755066821,-3.13426777313283,0.00172283561254262,0.0411482057699679,-1.09494872072872
"ENSG00000157193","LRP8",426.057238958887,1.19110894023073,0.259198750617687,4.59534985177298,4.32023793000694e-06,0.000899865372560632,1.07695310720622
"ENSG00000100314","CABP7",17.7717155830824,-1.52522807972052,0.45572450952895,-3.34682038781947,0.000817441565023972,0.0277852575982437,-1.06561359844306
"ENSG00000138759","FRAS1",543.340509809946,1.32879812886646,0.400963748530528,3.31401063995511,0.000919680075251592,0.0294567186507745,1.06118580518906
"ENSG00000158113","LRRC43",67.3423665177381,-1.3391197160722,0.375714299378142,-3.56419683330823,0.000364972009355275,0.018772937503984,-1.0545888443709
"ENSG00000156671","SAMD8",2766.88850563299,1.1239362684736,0.199205102702247,5.6421058157007,1.67982801196194e-08,1.58372416727759e-05,1.0528887506088
"ENSG00000139194","RBP5",454.383466920825,-1.31465194195555,0.362417270840885,-3.62745389838976,0.000286229861452844,0.0169776010205456,-1.05238831374318
"ENSG00000101222","SPEF1",231.966364886718,-1.25548918220262,0.324383590883744,-3.87038437666404,0.000108663885861952,0.00935815474733244,-1.04928639805784
"ENSG00000165138","ANKS6",409.924747478718,1.15712362218601,0.248467170976852,4.65704832407742,3.20775171541895e-06,0.000718255705978746,1.0474472675041
"ENSG00000099840","IZUMO4",134.16631977809,-1.17537943131645,0.264150241955696,-4.44966252014104,8.60053273451616e-06,0.00162169834603566,-1.04037766590174
"ENSG00000163380","LMOD3",37.5887151334378,-1.0220093942601,0.321988035179149,-3.17406015938286,0.00150322530540382,0.0380328741464669,-1.03382236063298
"ENSG00000158246","FAM46B",1177.13094112151,-1.22782452950786,0.332371078180162,-3.69413769763178,0.000220634224907699,0.0144241637619402,-0.998504166642646
"ENSG00000248712","CCDC153",152.96335967118,-1.18703624473252,0.30503258615352,-3.89150634593215,9.96237830363373e-05,0.00905868439355284,-0.996529321075218
"ENSG00000123728","RAP2C",3638.16239469405,1.06788889342087,0.200476850058842,5.32674417573619,9.99888351808393e-08,5.96137286462971e-05,0.99196303760197
"ENSG00000104826","LHB",4.81697282108512,-1.3678331434877,0.43697224689195,-3.13025175675728,0.00174656548486269,0.0414387119607224,-0.977297599644778
"ENSG00000205436","EXOC3L4",54.6370568949167,-1.36292378928859,0.418944544861952,-3.25323197545798,0.00114100308279943,0.0330837148061962,0.973244684168229
"ENSG00000196118","CCDC189",32.8070874847417,-1.15273494338687,0.296578952759523,-3.88677258673021,0.000101585840923431,0.00914010565841557,-0.970141039293522
"ENSG00000244476","ERVFRD-1",11.7293236135733,1.2269618075679,0.376695364055062,3.25717257138464,0.00112527997952036,0.032882773691922,0.969419821635707
"ENSG00000260456","C16orf95",14.8003196513951,-1.083581802835,0.240676013444141,-4.50224260959222,6.72401625451588e-06,0.00132359673810047,-0.966195874286223
"ENSG00000162004","CCDC78",574.083269290043,-1.22029949407928,0.343794734716159,-3.5495002420173,0.000385963110660256,0.0191056890199416,-0.96525142983743
"ENSG00000070371","CLTCL1",189.875424000458,1.08170854530563,0.253217782628949,4.27185063416617,1.93857412830642e-05,0.00307306888144715,0.959154212944734
"ENSG00000104549","SQLE",6113.48274814694,1.09450189895565,0.270182735703248,4.05096904547515,5.10059555019709e-05,0.00557115659089516,0.954664629914591
"ENSG00000103253","HAGHL",874.129056915575,-1.14656282243099,0.303095592329789,-3.78284228291728,0.000155047664988326,0.0115723700955662,-0.950895114011683
"ENSG00000177570","SAMD12",2263.01833390143,1.03366112959192,0.210811751943211,4.90324244290881,9.42675180938177e-07,0.000286205771460094,0.946326419708875
"ENSG00000180336","MEIOC",33.3848595068293,1.08942083425865,0.276364659614037,3.94196868651768,8.08155294170384e-05,0.00774143624838186,0.942223785795135
"ENSG00000080854","IGSF9B",703.266849836745,-1.18411582688736,0.333136650040973,-3.55444478036783,0.00037877804251668,0.0190057991717712,-0.939358723043942
"ENSG00000183307","CECR6",120.616364503079,-1.21424805009528,0.352217071435279,-3.44744235464579,0.00056592115983359,0.0229871785399073,-0.938439806449313
"ENSG00000197213","ZSCAN5B",1.68671713277102,1.21193929678496,0.370378912705563,3.27216063120851,0.0010672891905367,0.0318639187834731,0.936091332397307
"ENSG00000131187","F12",386.964783835385,-1.14762605457059,0.31997842451511,-3.5865732394604,0.000335051990955147,0.0180897426837621,-0.924546368629548
"ENSG00000204444","APOM",120.366234009676,-1.02366343955261,0.219384955027774,-4.66606034777097,3.07029561541246e-06,0.00069617981466941,-0.920181869957694
"ENSG00000139618","BRCA2",626.900946691696,-1.01363143903089,0.210185573488079,-4.82255476534113,1.41731098134878e-06,0.000384117756437981,-0.91700957732966
"ENSG00000134830","C5AR2",1733.09266377439,-1.01151931903731,0.210032430578615,-4.816014918509,1.46453579009219e-06,0.000385797494234139,-0.916719384175739
"ENSG00000187980","PLA2G2C",111.859525823522,-1.21729572879479,0.362388522846293,-3.35909018098541,0.00078199543764206,0.0274496834022901,-0.916444829876196
"ENSG00000186891","TNFRSF18",641.305533544163,-1.24559034332683,0.377699866487534,-3.29783103952446,0.000974347452681001,0.0303011908331159,-0.913757810278283
"ENSG00000148842","CNNM2",772.945414511045,0.982320555596049,0.184610082124574,5.32105583991443,1.03166727406644e-07,5.96137286462971e-05,0.912690939588302
"ENSG00000204677","FAM153C",147.355466789687,1.10927966275659,0.318467288603011,3.48318242549355,0.000495490601931927,0.0213147348395195,0.909794950562906
"ENSG00000177989","ODF3B",1060.88925924489,-1.06527438028904,0.266915911556377,-3.99104861931034,6.57817917296875e-05,0.00667718761846221,-0.907569157845835
"ENSG00000103490","PYCARD",2242.74532748801,-1.10909090378982,0.300778548804246,-3.68740027571463,0.000226556835256348,0.0147575003270799,-0.905326982076887
"ENSG00000064199","SPA17",352.184238627154,-1.01976213525279,0.22888527477083,-4.45534181381404,8.37596360136155e-06,0.00161331866657193,-0.905176788061285
"ENSG00000100577","GSTZ1",1688.32578435735,-0.985159572026516,0.19722901176799,-4.99500333746744,5.88347499354363e-07,0.00019885035388556,-0.897073710172897
"ENSG00000170122","FOXD4",39.7723404718233,-1.09634546722581,0.292296391468532,-3.75080055459335,0.000176270872831516,0.0124312604135076,-0.894553403670116
"ENSG00000149927","DOC2A",303.312716887458,-1.19098116029591,0.356395815388883,-3.34173721707806,0.0008325584112344,0.02788403751845,-0.892382912685789
"ENSG00000188603","CLN3",114.471035121684,-1.0794997061776,0.286196402229952,-3.77188426467445,0.00016201940688802,0.0119434305991157,-0.890626086380634
"ENSG00000008513","ST3GAL1",8506.99931732902,1.01422588495988,0.245851425866555,4.12536100364286,3.70153681788651e-05,0.00458274277208828,0.890186320221615
"ENSG00000165379","LRFN5",55.6971623237762,1.14978860363923,0.364406428486341,3.15523688321084,0.0016036784179462,0.0396230227595452,0.887560586342658
"ENSG00000214102","WEE2",5.72590967217479,-1.1526518912304,0.350085760478944,-3.29248436055636,0.000993064208372208,0.0305462707890653,-0.879023707657044
"ENSG00000130751","NPAS1",131.49125017037,-1.07988031529873,0.295658306778529,-3.65246059569585,0.000259739462610778,0.0157186249788745,-0.877819275740666
"ENSG00000004838","ZMYND10",993.142165430479,-1.05902829374252,0.280867279799892,-3.77056485360999,0.000162878466486146,0.0119575490580587,-0.877641048500244
"ENSG00000120262","CCDC170",2058.3819099027,-1.01009935801394,0.241927580884854,-4.17521373263637,2.9770641005166e-05,0.00390986101776658,-0.877629959009302
"ENSG00000174788","PCP2",176.290491926006,-1.191453233417,0.362338049161061,-3.28823659611688,0.00100817075355299,0.0307361334190479,-0.875886813065806
"ENSG00000165948","IFI27L1",488.408667775194,-0.964484736863152,0.202960952866645,-4.75207040192043,2.01344236863014e-06,0.000494065659579063,-0.871956699371461
"ENSG00000130045","NXNL2",331.481163788768,-1.19063571169807,0.363815639852996,-3.2726347668263,0.0010655006341935,0.0318636274796462,-0.869779520883837
"ENSG00000184730","APOBR",1189.65567777693,-1.08979975517651,0.306730410958358,-3.55295632986474,0.000380927696368732,0.0190071248608722,-0.868639700088907
"ENSG00000184986","TMEM121",389.927048019166,-1.07441743315042,0.298537512868971,-3.59893610295464,0.000319521677917625,0.0177024328636005,-0.861914461792611
"ENSG00000100003","SEC14L2",4642.85599550669,-1.22063436223775,0.380819207131944,-3.20528570875059,0.00134928475006635,0.0361919156454509,-0.861601426491895
"ENSG00000131781","FMO5",1614.33351434903,-1.11775912406465,0.330009912906186,-3.38704711692223,0.000706492533744646,0.0257223592621298,-0.85428471391422
"ENSG00000105427","CNFN",265.724030792167,-1.05814444636578,0.293011210117961,-3.61127632604838,0.00030469380472937,0.0174935260388372,-0.852216374640986
"ENSG00000162078","ZG16B",6076.27686715289,-0.971824652301567,0.229286967457445,-4.23846441460714,2.25053846165616e-05,0.00335949128863723,-0.849729885570764
"ENSG00000118307","CASC1",239.260361909738,-0.987725066428744,0.246431204632847,-4.00811686125682,6.12048343627962e-05,0.00632826464010874,-0.84491611050148
"ENSG00000147650","LRP12",805.318640750389,0.956617219213375,0.228320259975776,4.18980435338883,2.79195074543071e-05,0.00378880406840154,0.843932628720646
"ENSG00000102878","HSF4",552.930299526276,-1.0576752131485,0.298563545494302,-3.54254639961958,0.000396283700570572,0.0191955500885657,-0.842918768992416
"ENSG00000186675","MAGEE2",5.06280391488007,1.09001816033059,0.342156108126645,3.18573345452928,0.00144387557521107,0.0372682178368241,0.841311046885197
"ENSG00000103254","FAM173A",955.607668903499,-1.00758449073384,0.264879434418995,-3.80393628121393,0.000142414827295763,0.0109960206954698,-0.831329908153258
"ENSG00000183044","ABAT",5307.54189321562,-1.02306036566337,0.286731583580448,-3.56800723829689,0.000359706569793557,0.0186388214518511,-0.820984345453195
"ENSG00000134602","STK26",1509.65723547671,0.997197119646924,0.286287341898224,3.483203668856,0.000495451283574652,0.0213147348395195,0.819194644907001
"ENSG00000214309","MBLAC1",112.024038816855,-0.966054390072311,0.250181924704976,-3.86140761852208,0.000112735638881938,0.00958624426094918,-0.816769765577115
"ENSG00000213145","CRIP1",195.902152885642,-1.0210021274227,0.290158205450503,-3.5187773712533,0.000433540353687562,0.0201714502742995,-0.814478509577802
"ENSG00000154099","DNAAF1",350.915606225145,-1.06085686129752,0.308377427490956,-3.44012488180131,0.000581445829943348,0.023311582858295,-0.811672453338516
"ENSG00000220201","ZGLP1",43.5968459291286,-1.01443682843803,0.283722114182825,-3.57545914727094,0.000349613769096057,0.0183117878532681,-0.804840537725287
"ENSG00000226174","TEX22",65.1019768658246,-1.04096371922608,0.306335628164079,-3.39811508528978,0.000678518701562126,0.0249804276623185,-0.803711001293052
"ENSG00000147576","ADHFE1",94.9593493736699,-0.973607790471535,0.265816540126259,-3.66270582714336,0.000249565080949063,0.01537153120534,-0.79695803999912
"ENSG00000134569","LRP4",361.747172828516,0.988450116248076,0.294407892097902,3.35741718472472,0.000786743076503519,0.0275252514246241,0.796229030066472
"ENSG00000128849","CGNL1",3001.35918758664,-1.014788002125,0.29399926828499,-3.45166846177764,0.000557131842456342,0.022814285331136,-0.794971638405295
"ENSG00000103024","NME3",3903.3136333493,-0.942385144263819,0.2472292129815,-3.81178717878432,0.000137965642069806,0.0107451241147671,-0.789302158220126
"ENSG00000168589","DYNLRB2",150.952552670031,-0.951761626375133,0.255274034827146,-3.72839183201536,0.000192705590357306,0.0129772001506407,-0.789101380516901
"ENSG00000109084","TMEM97",2490.49806237445,0.927623713744887,0.25205149996318,3.68029436000339,0.000232964869022754,0.0150111499957,0.78235432907384
"ENSG00000156650","KAT6B",6387.85591589011,0.914590618535445,0.241634893065617,3.78501054600207,0.00015370206041967,0.0115723700955662,0.780286491986387
"ENSG00000213339","QTRT1",1942.40514385968,-0.881009009799795,0.204650724528035,-4.30493960786884,1.67031295370094e-05,0.002778787930352,-0.776242876938931
"ENSG00000108515","ENO3",332.078554607865,-0.963211996087061,0.271705447227125,-3.54505957063823,0.000392524364069717,0.0191955500885657,-0.776221141877173
"ENSG00000177943","MAMDC4",310.659401681152,-0.979214744376754,0.281708027809556,-3.47599162150514,0.000508968186673518,0.0215535393094154,-0.767777935344727
"ENSG00000104883","PEX11G",417.57840860926,-0.926078024535433,0.247907779707489,-3.73557467872985,0.000187286987587437,0.012756166572828,-0.766376156856649
"ENSG00000268744","CTD-3105H18.14",8.3384031562665,-0.995218497884114,0.301333841971436,-3.30271067920228,0.0009575512765678,0.0300396077358301,-0.765035964280326
"ENSG00000187556","NANOS3",29.0045298017353,-1.04557961633222,0.32651841049922,-3.20220723460467,0.00136378848102939,0.0361919156454509,-0.764286070758192
"ENSG00000169116","PARM1",2208.84818598657,0.971677097326367,0.301715376968977,3.22050903433496,0.00127963159379516,0.035319015007169,0.763435016944316
"ENSG00000185522","LMNTD2",251.080263127037,-0.988463830472826,0.294893706514153,-3.35193260703035,0.000802495512936224,0.0276226195651897,-0.75727318734249
"ENSG00000163794","UCN",75.8951170337735,-0.994434187160621,0.294616348791655,-3.37535303536009,0.000737210547704699,0.0266242994778917,-0.756562769998158
"ENSG00000167968","DNASE1L2",105.012481279857,-1.02280144384562,0.315438386802876,-3.24247614316133,0.00118495868590631,0.0339618639050236,-0.756056372500774
"ENSG00000154188","ANGPT1",177.816453061984,0.913328460839146,0.263072688563252,3.47177225362013,0.000517034766707709,0.0217921030024357,0.750120509626447
"ENSG00000154917","RAB6B",368.973076045742,0.923139887956806,0.27166507224923,3.39808088067317,0.00067860354346846,0.0249804276623185,0.749520488882698
"ENSG00000212123","PRR22",109.298208779057,-0.986607403200081,0.298486163637153,-3.30537064491681,0.000948508758028998,0.029913093983404,-0.744583273755065
"ENSG00000159208","CIART",564.284556437946,-0.951813864785115,0.278081537524342,-3.42278697557114,0.000619826317666572,0.0239171493356108,-0.744423907958906
"ENSG00000160678","S100A1",78.28223711276,-1.0656946841975,0.341605494365928,-3.11966494033004,0.00181056861649745,0.0421464486523249,-0.740285182183084
"ENSG00000169851","PCDH7",1362.79103596113,0.923284573550315,0.27800197318038,3.32114395803675,0.000896492836600016,0.0290395590994866,0.74011816316506
"ENSG00000151376","ME3",848.38489863383,-0.943044351305451,0.274607746861331,-3.43415057325991,0.000594413904002596,0.023556938633625,-0.740049977462577
"ENSG00000189283","FHIT",521.042230907448,-0.892123976837143,0.242831236507122,-3.67384357000125,0.000238929040527589,0.0150852318547769,-0.734750316505508
"ENSG00000150773","PIH1D2",164.301813767927,-0.855148586393549,0.2144460179434,-3.98771026197957,6.6714069530162e-05,0.00671375914322355,-0.733930623939593
"ENSG00000175287","PHYHD1",1327.86703203987,-1.07473620280499,0.346954633111432,-3.09762747125446,0.00195076480063761,0.0436677213664777,-0.733161238204775
"ENSG00000066185","ZMYND12",248.413535483372,-0.877221909579708,0.231841661467259,-3.78371127962086,0.000154507047450193,0.0115723700955662,-0.732951792007583
"ENSG00000115255","REEP6",5123.83086714072,-0.971650747593209,0.295796548631335,-3.28486167972238,0.00102032448833451,0.0310281090400263,-0.730389377590881
"ENSG00000112053","SLC26A8",29.3509422805894,-0.99889312551321,0.310372114441044,-3.2183726534587,0.00128920203446719,0.0355284246821705,-0.729714665005414
"ENSG00000141933","TPGS1",118.463275122984,-1.00984260778365,0.317316064656039,-3.18245030827007,0.00146034572541599,0.0375120355792768,-0.729273299127256
"ENSG00000139998","RAB15",2608.68078863802,0.819031256141027,0.196212541158954,4.17420441783851,2.99029174026696e-05,0.00390986101776658,0.723204550273354
"ENSG00000229833","PET100",87.0598784936042,-0.897470980241285,0.254483342606397,-3.52663939041928,0.00042086956035455,0.0199516229342864,-0.72051758016388
"ENSG00000167094","TTC16",68.9790407189787,-0.954873896498452,0.292077161920606,-3.26925217370474,0.00107832152030516,0.0321397227840705,-0.720189967599179
"ENSG00000169891","REPS2",6003.06447937626,-1.02922995551438,0.329506282321318,-3.12355184327177,0.00178682383840145,0.0419493780043056,-0.718999897329387
"ENSG00000166246","C16orf71",248.519718522278,-0.876422372407032,0.242164308635367,-3.61912280693141,0.000295603339640739,0.0174182323124492,-0.71645508221593
"ENSG00000095059","DHPS",113.171008363801,-0.937114331048392,0.284255533592616,-3.2967320607782,0.000978167691538162,0.0303147367794517,-0.711125289068199
"ENSG00000188747","NOXA1",939.825285304125,-0.92599574460178,0.277814462594644,-3.33314448770398,0.000858703355063378,0.0283154685185464,-0.7097207221561
"ENSG00000115232","ITGA4",1031.82374150895,0.869972461098497,0.25491816798332,3.41275189595518,0.000643104620114424,0.0243661432324992,0.709007395942016
"ENSG00000164440","TXLNB",393.001275035146,-0.902723702521306,0.263656510723569,-3.42386273733163,0.000617377961292126,0.0239171493356108,-0.708384867104852
"ENSG00000180902","D2HGDH",1310.40841732125,-0.849094850179336,0.227503683990943,-3.73222461845118,0.000189796140032215,0.0128382847237541,-0.707028952667528
"ENSG00000198832","SELM",5420.02680326741,-0.905148528164073,0.269859901009497,-3.35414237083048,0.00079611389639697,0.027583729644408,-0.699019290841731
"ENSG00000115423","DNAH6",137.368573071623,-1.00234794312284,0.32298454236132,-3.10339292337254,0.00191315451041278,0.043339694006954,-0.698108536293884
"ENSG00000262165","RP11-81A22.5",20.7040978218826,-0.948100929813103,0.295500155830397,-3.2084616914966,0.00133447085679828,0.0361093299967185,-0.694164400510571
"ENSG00000229809","ZNF688",881.345568168578,-0.816392228195752,0.210814934468306,-3.87255404962065,0.000107700781806061,0.00935815474733244,-0.694097724473165
"ENSG00000176046","NUPR1",669.555849931204,-0.868670572668695,0.249642215567973,-3.47966216648231,0.000502046424761508,0.0214122800160783,-0.69273227719553
"ENSG00000242114","MTFP1",22.7109991451616,-0.910413132614956,0.276538679797048,-3.29217284642825,0.000994164900911353,0.0305462707890653,-0.691805346419752
"ENSG00000160188","RSPH1",627.679946984093,-0.891936400135156,0.265441252181557,-3.3602026542773,0.000778853190612382,0.0274496834022901,-0.69101916253198
"ENSG00000164983","TMEM65",1887.58928914384,0.781114811607099,0.186954887856015,4.1780924829774,2.93964128759155e-05,0.00390986101776658,0.690457692611746
"ENSG00000091831","ESR1",43239.5893259413,-0.880385769614972,0.258496969229123,-3.40578758907857,0.000659734871224206,0.0247943010872235,-0.690160499488741
"ENSG00000105767","CADM4",2599.01111952996,-0.802483668199185,0.201717141217493,-3.97826215142491,6.94208081013338e-05,0.00690852741955107,-0.689426124975232
"ENSG00000172167","MTBP",477.145971253009,0.809309682137779,0.216335837739928,3.74098758020252,0.00018329857968151,0.012756166572828,0.688909424596482
"ENSG00000160226","C21orf2",266.140313209742,-0.789785324760315,0.19358331335304,-4.07982129802674,4.50703351961625e-05,0.00517528791262089,-0.688438815513732
"ENSG00000157873","TNFRSF14",2400.72805798036,-0.809466302614965,0.208418958147711,-3.88384199695153,0.000102818737433016,0.00914010565841557,-0.688301433649915
"ENSG00000108641","B9D1",780.325686624329,-0.802946499024326,0.205219394324722,-3.91262483580771,9.12983147424524e-05,0.00843003459784304,-0.68520856020861
"ENSG00000174292","TNK1",1682.03534732069,-0.773553366077948,0.179720461555132,-4.30420309064613,1.6758787752366e-05,0.002778787930352,-0.683892030205793
"ENSG00000266412","NCOA4",14493.7062668904,0.732733623821892,0.136123841883896,5.38284560354137,7.33174237064395e-08,5.08556309219146e-05,0.683595851450948
"ENSG00000177875","CCDC184",76.3931340316283,0.867459512026304,0.271729913522691,3.19235928345396,0.00141115684139905,0.0369478315918655,0.680449113370087
"ENSG00000197119","SLC25A29",3022.63301249599,-0.812430052849735,0.216185493149258,-3.75802298764246,0.000171261150958715,0.0121738134806486,-0.680293566130504
"ENSG00000101115","SALL4",219.084337406696,0.885224932016861,0.286108413406101,3.09401922676205,0.0019746468915242,0.0439001378808142,0.677660905409434
"ENSG00000144749","LRIG1",9904.72972265886,-0.770829966080443,0.189079641023827,-4.07674756471167,4.56700272584308e-05,0.00517776707772323,-0.669383575761463
"ENSG00000173705","SUSD5",210.698783207467,0.88632627670227,0.292377264318409,3.03144732805568,0.00243384379736225,0.0497034846087443,0.667651995052369
"ENSG00000160813","PPP1R35",393.159663020086,-0.823413102359129,0.231059876344968,-3.56363517277136,0.000365754211404591,0.018772937503984,-0.667377149552027
"ENSG00000170921","TANC2",5696.82358076218,0.817602580097046,0.240077439186892,3.40557856192631,0.000660240139485602,0.0247943010872235,0.6667059424977
"ENSG00000188186","LAMTOR4",3885.51194325117,-0.784284245917117,0.203227343348954,-3.85914726332101,0.000113783360474748,0.00961415724615167,-0.665942204288906
"ENSG00000136982","DSCC1",537.841888904764,0.816883636138412,0.241879012100396,3.37724066691388,0.000732169579569967,0.0264956639976501,0.663173800619659
"ENSG00000188290","HES4",406.467705070934,-0.929242783945616,0.297883598235578,-3.11948287669982,0.00181168790611791,0.0421464486523249,-0.660829674781799
"ENSG00000089847","ANKRD24",160.791614686064,-0.89985321154884,0.284006583293803,-3.16842377776133,0.00153267932549083,0.0384522195483436,-0.657955835679383
"ENSG00000180667","YOD1",748.862457610838,0.807938290168467,0.238213905495683,3.39165040969075,0.000694730198085841,0.0253973510985952,0.65757194581628
"ENSG00000134489","HRH4",5.46157532488605,0.861176356338825,0.273538969521389,3.1482766709461,0.00164236166213588,0.0400347023944607,0.654005460934393
"ENSG00000127586","CHTF18",1338.95153940692,-0.840772189915501,0.250895271790495,-3.35108822065635,0.000804946542345169,0.0276226195651897,-0.653433390594171
"ENSG00000168350","DEGS2",6243.8303845632,-0.89179323232561,0.281244001937801,-3.17088800536566,0.00151973722769413,0.0382346249433778,-0.651750252483628
"ENSG00000120915","EPHX2",2227.91684949067,-0.849087952287229,0.25683779258358,-3.30593073451571,0.000946614850245396,0.0299079284002567,-0.651609835815222
"ENSG00000175305","CCNE2",349.03519636024,0.85599071680633,0.280212929587106,3.05478665123567,0.00225220673662643,0.0476876823560157,0.649753800716374
"ENSG00000174886","NDUFA11",417.958835866373,-0.832164712912727,0.248553404363913,-3.34803184467485,0.000813876588756999,0.0277166755406923,-0.64705203979855
"ENSG00000179029","TMEM107",704.234513092075,-0.735411932830217,0.174988713812733,-4.20262493967027,2.63837539100509e-05,0.00366366033946311,-0.64635793079257
"ENSG00000164442","CITED2",6057.10070646175,-0.786652832607785,0.217815922622851,-3.61154879374855,0.000304373800663912,0.0174935260388372,-0.646261222622329
"ENSG00000237489","LINC00959",226.378361082823,-0.749278107376553,0.187369835638991,-3.99892600012843,6.36305692662112e-05,0.00651322507008938,-0.645044293831498
"ENSG00000172366","MCRIP2",2051.27321221978,-0.801104123528235,0.232879160735688,-3.4399991866918,0.000581715934665207,0.023311582858295,-0.637653992349747
"ENSG00000095539","SEMA4G",349.289545307982,0.843640285563384,0.225680604918933,3.73820464486272,0.000185339059167245,0.012756166572828,0.632807170072653
"ENSG00000158423","RIBC1",299.456039066873,-0.785344400231309,0.22482652617605,-3.49311272823895,0.000477424921750581,0.020992496430979,-0.632511609098742
"ENSG00000105672","ETV2",69.1291164992814,-0.787881305116001,0.227643521842872,-3.46103108376536,0.000538110675506214,0.0224166896054484,-0.631667234241162
"ENSG00000185324","CDK10",1967.74485422185,-0.752478125088858,0.20126236886941,-3.73879195259351,0.000184906669031045,0.012756166572828,-0.631018316039355
"ENSG00000137098","SPAG8",94.9601279031976,-0.847789917692133,0.265531931213419,-3.19279837199967,0.00140901293405265,0.0369478315918655,-0.630438164720367
"ENSG00000164683","HEY1",677.443560431058,0.777393044137244,0.231410322546277,3.3593706433808,0.000781202147421926,0.0274496834022901,0.630288625757618
"ENSG00000172771","EFCAB12",281.679883335594,-0.908979690951919,0.297395492251434,-3.05646761512921,0.00223961672597095,0.0476205465764274,-0.629852842772192
"ENSG00000151388","ADAMTS12",2816.08046832195,0.819088969243296,0.264449080673838,3.09734095938693,0.00195265141598552,0.0436677213664777,0.629569472014594
"ENSG00000179085","DPM3",1293.92697151993,-0.797300046433916,0.23461766758354,-3.39829499903293,0.000678072601751502,0.0249804276623185,-0.629354975402985
"ENSG00000170881","RNF139",4345.37911994785,0.701666693961925,0.161309118832682,4.34982658785539,1.36245231741694e-05,0.00232434365351329,0.628242832466966
"ENSG00000124839","RAB17",2168.73984372797,-0.724281891158285,0.179643368927555,-4.0317763771752,5.53568475471555e-05,0.00593776772522273,-0.627912317127606
"ENSG00000156127","BATF",940.154406722017,-0.855457625799984,0.2703251489509,-3.16455064991147,0.00155322625144697,0.0387506153790663,-0.627741811624149
"ENSG00000131711","MAP1B",3467.32235355705,0.81148673259007,0.260058588983056,3.12039965979721,0.00180605816699667,0.0421248957622543,0.627346065061822
"ENSG00000141295","SCRN2",1792.63114023628,-0.769402426348892,0.216506910598912,-3.55370839766977,0.000379840121894382,0.0190057991717712,-0.627182753583148
"ENSG00000167136","ENDOG",83.4730261759642,-0.828088806700679,0.254843467854079,-3.2494017354011,0.00115648026168466,0.0333591480314931,-0.62638030816086
"ENSG00000203797","DDO",254.995101835032,-0.848850853755763,0.266751177802214,-3.1821822147123,0.00146169825458244,0.0375120355792768,-0.625880765204518
"ENSG00000131116","ZNF428",658.87584501672,-0.805333233199455,0.242292447087356,-3.32380659356295,0.000887977555343623,0.0288299574890214,-0.624368648129031
"ENSG00000196227","FAM217B",1395.88874227585,0.788779841699837,0.173751422290364,4.53970293481494,5.63335390900315e-06,0.00115988814450544,0.62354744751853
"ENSG00000078795","PKD2L2",10.2809927123482,-0.85299944662437,0.275765881861232,-3.09320152611776,0.0019800962212478,0.0439001378808142,-0.622453903685755
"ENSG00000123154","WDR83",180.225355468887,-0.760335501106802,0.213205596390451,-3.56620798881082,0.00036218396272576,0.0186968337876269,-0.622288526705292
"ENSG00000137720","C11orf1",951.327578655694,-0.72519001568149,0.186806073850166,-3.88204730571636,0.000103580720630735,0.00914010565841557,-0.619496418854207
"ENSG00000163072","NOSTRIN",2089.40227555581,-0.838455827407074,0.264317817206808,-3.17215024044728,0.00151314704034109,0.0381760604699014,-0.618612549790967
"ENSG00000110013","SIAE",2317.37517810997,-0.749388950724545,0.207890406435174,-3.6047307981873,0.000312476654571796,0.0177024328636005,-0.616909708484716
"ENSG00000107736","CDH23",376.508075747063,0.810382502650739,0.265101980992323,3.05687079220358,0.00223660663214565,0.0476205465764274,0.616880268900608
"ENSG00000006831","ADIPOR2",11662.2615326609,0.76735870857205,0.234465695875999,3.27279735189015,0.00106488796197918,0.0318636274796462,0.613383209196596
"ENSG00000064313","TAF2",3038.30803265428,0.708929044222782,0.183612183778138,3.86101308548999,0.000112917855136509,0.00958624426094918,0.612563254567469
"ENSG00000102796","DHRS12",311.8449387764,-0.71323807932353,0.185967880973484,-3.83527561635887,0.000125423565900701,0.0100749432106693,-0.608373552984274
"ENSG00000125652","ALKBH7",2145.72964145572,-0.767437037806212,0.225702533220491,-3.40021455167496,0.000673329974792818,0.0249804276623185,-0.608044388612923
"ENSG00000137727","ARHGAP20",160.116365462211,0.801983285495785,0.264712734267467,3.02963621193025,0.00244848466298715,0.0497034846087443,0.606348228390894
"ENSG00000176597","B3GNT5",210.440628171414,0.792038068856299,0.258462940414065,3.06441638243159,0.00218095132112296,0.0469192129176231,0.60457772900257
"ENSG00000185347","C14orf80",646.852709397159,-0.821610032976888,0.260984401217481,-3.14811930959901,0.00164324608329819,0.0400347023944607,-0.603011129775971
"ENSG00000115257","PCSK4",420.524869204951,-0.842188934215707,0.27237656273687,-3.09200221103203,0.00198811368324668,0.0439125529075188,-0.602157534982261
"ENSG00000143147","GPR161",717.792326235666,0.716883509041225,0.201700463122736,3.55419862672798,0.000379132758869074,0.0190057991717712,0.599305022953098
"ENSG00000109062","SLC9A3R1",26042.4500657289,0.775248530068032,0.249596202089557,3.10601092315446,0.00189629710650171,0.0432036669368314,0.598657311614804
"ENSG00000162148","PPP1R32",131.136198089192,-0.778991346788817,0.238714283892053,-3.26327915568336,0.0011013098097931,0.0324573690501674,-0.597017218484067
"ENSG00000164898","FMC1",25.0907346956031,-0.74881526856032,0.222619263355782,-3.36365890926334,0.000769165409691869,0.027233662287736,-0.592312587781475
"ENSG00000198208","RPS6KL1",439.508590901138,-0.785842891403507,0.244998817194471,-3.20753749100648,0.00133876609630534,0.0361335012085688,-0.592113955861487
"ENSG00000016391","CHDH",2711.71248615273,-0.759867983627615,0.231690437096254,-3.27966917042819,0.0010392887987235,0.0312362084757283,-0.586089735968331
"ENSG00000169946","ZFPM2",428.403560639049,0.769944011523146,0.252974786574324,3.04356027709084,0.00233796598519969,0.0484161672750082,0.58577808545913
"ENSG00000105499","PLA2G4C",568.170252615799,-0.732364350333379,0.213900458166247,-3.42385592163703,0.000617393444956463,0.0239171493356108,-0.585544551502595
"ENSG00000101193","GID8",7137.35838954764,0.647706066533628,0.144365954634439,4.48655687674934,7.23834007212003e-06,0.00140935201860746,0.585216963735313
"ENSG00000106789","CORO2A",3881.62418834368,0.69782751526628,0.196604084755443,3.54940496854027,0.0003861027982593,0.0191056890199416,0.583662192739102
"ENSG00000182327","GLTPD2",36.7104191568199,-0.796345186693326,0.255625188834093,-3.11528449260207,0.00183767576656612,0.0424752077503211,-0.582448501063907
"ENSG00000184470","TXNRD2",1587.05690072987,-0.709804589387522,0.200101503260555,-3.54722267360119,0.00038931538929349,0.0191955500885657,-0.581261370885801
"ENSG00000143443","C1orf56",818.593692297522,-0.695738355797938,0.189719491980615,-3.66719491252395,0.000245225869066382,0.0153056829009969,-0.580614578977979
"ENSG00000172361","CFAP53",211.264207165051,-0.742997572739393,0.226471565961487,-3.28075433922572,0.00103529874228567,0.0311685821354003,-0.577363586335128
"ENSG00000100583","SAMD15",287.830235441527,-0.751450146603123,0.230428573916581,-3.26109793516823,0.0011098170141357,0.0325904134003489,-0.575683975096933
"ENSG00000187609","EXD3",808.493937341274,-0.725411483223548,0.216229327865012,-3.35482466872583,0.000794153012453458,0.0275734011999393,-0.572232198111282
"ENSG00000244165","P2RY11",179.961614133588,-0.690615639799697,0.194326968316132,-3.55388470156237,0.000379585586945075,0.0190057991717712,-0.567867706811208
"ENSG00000219200","RNASEK",46.1805975813586,-0.703853488410481,0.206076619972798,-3.41549414243784,0.000636663987683802,0.0243661432324992,-0.56568949761023
"ENSG00000173221","GLRX",1847.01859049959,-0.76256702693542,0.242850357193157,-3.14006961220524,0.00168907693242059,0.0405746059639299,-0.56433105715421
"ENSG00000175756","AURKAIP1",3942.30923478848,-0.723281942470868,0.219485123847941,-3.29535747020356,0.000982965527993044,0.0303726002434054,-0.56305674399058
"ENSG00000158792","SPATA2L",763.935024900632,-0.710573608952688,0.211747038232129,-3.35576646023128,0.000791453722435162,0.0275734011999393,-0.561794700038101
"ENSG00000104983","CCDC61",602.012569083754,-0.67380876338271,0.187252766722197,-3.59839149603783,0.000320191383230422,0.0177024328636005,-0.558142638953112
"ENSG00000178188","SH2B1",3194.13549230772,-0.644412382350893,0.162844349827584,-3.95722899218293,7.58242356846362e-05,0.00734183531793994,-0.557657574132599
"ENSG00000099889","ARVCF",1279.48319604632,-0.710787483074461,0.214902977813071,-3.30748084697423,0.000941391490575129,0.0298462757003049,-0.555959111161772
"ENSG00000161970","RPL26",1638.48615227056,-0.699736720723524,0.207791088490531,-3.36750110799583,0.000758527216351529,0.0271749960530099,-0.555354639711122
"ENSG00000151500","THYN1",1599.36390744588,-0.62309880801102,0.144884003287206,-4.30067360007881,1.70279714350811e-05,0.002778787930352,-0.55453788635494
"ENSG00000140043","PTGR2",119.072828813248,-0.652417934387638,0.172423474056997,-3.78381156020539,0.000154444775518305,0.0115723700955662,-0.554532577515283
"ENSG00000149929","HIRIP3",1896.49631472204,-0.657933866335221,0.177097826142585,-3.71508719596313,0.000203133634762547,0.0135644900122906,-0.554294677817881
"ENSG00000130748","TMEM160",287.394265450388,-0.777851080882259,0.255390501434916,-3.04573222775274,0.00232114451872781,0.0482911286457274,-0.553751077165779
"ENSG00000130224","LRCH2",123.440498897496,0.714116562265711,0.229090098293705,3.11718650253569,0.00182586023869058,0.0423661068078553,0.553620108603542
"ENSG00000105327","BBC3",860.028128994222,-0.73583373632667,0.232041404828214,-3.17113119045037,0.00151846549467336,0.0382346249433778,-0.55289528715817
"ENSG00000076685","NT5C2",1236.02822751436,0.654359195546334,0.181709587886629,3.60112640811556,0.00031684146919331,0.0177024328636005,0.552093993811984
"ENSG00000126215","XRCC3",651.120717430962,-0.65853296947141,0.179515050106505,-3.6683997752874,0.000244073336592043,0.0152908506062971,-0.55153075623328
"ENSG00000176978","DPP7",7509.24749721265,-0.695691380238566,0.207089885364701,-3.35936918895581,0.000781206259347516,0.0274496834022901,-0.551486575638729
"ENSG00000248487","ABHD14A",317.519210819246,-0.702571059484432,0.212519535694816,-3.30591282908383,0.00094667534209488,0.0299079284002567,-0.550139582750857
"ENSG00000095066","HOOK2",2666.10284504318,-0.654988795485591,0.178212342268747,-3.67532791021768,0.000237544116522411,0.0150852318547769,-0.549204729973627
"ENSG00000204519","ZNF551",556.375913983468,0.653592639652994,0.184482297501028,3.54284746290821,0.000395831586868959,0.0191955500885657,0.547628738697278
"ENSG00000147679","UTP23",2010.47478286705,0.662813610781659,0.192794656988809,3.4379252056769,0.000586189587792241,0.0233862229089586,0.547471648496744
"ENSG00000187624","C17orf97",306.14438459946,-0.711113174084006,0.219614539221614,-3.23800590163304,0.00120368319540955,0.0342657729398185,-0.546992824923081
"ENSG00000099624","ATP5D",2907.87145151437,-0.743116969875499,0.239139505989914,-3.10746217693885,0.00188701130464438,0.0431437083180487,-0.546000640021124
"ENSG00000172687","ZNF738",432.740607921296,-0.662898598679483,0.187643331840029,-3.53275862338994,0.00041124776358396,0.0196444831708786,-0.544488406419235
"ENSG00000099849","RASSF7",2094.16455818569,-0.763001668095092,0.251164024958732,-3.03786208323608,0.00238262973019527,0.0489327076374139,-0.543092190319736
"ENSG00000142046","TMEM91",180.116473247004,-0.751878830610478,0.246011560876635,-3.05627437967241,0.00224106072483271,0.0476205465764274,-0.541031375429787
"ENSG00000185009","AP3M1",4742.26644039776,0.603827605082354,0.141556903015379,4.26561751648915,1.99350048539667e-05,0.00310518036477483,0.539894345739604
"ENSG00000169592","INO80E",2481.65605763459,-0.629079821336513,0.163444022962004,-3.84890074250532,0.000118649068488111,0.00983963316586824,-0.539334361029609
"ENSG00000125505","MBOAT7",8655.20265081072,0.634404113888215,0.175598846222198,3.61280342973016,0.000302904330267337,0.0174935260388372,0.536683229747747
"ENSG00000115648","MLPH",26895.9518591428,-0.664688427283772,0.193888962184917,-3.42819116567266,0.000607617433473817,0.0238689716794221,-0.536195758783313
"ENSG00000124074","ENKD1",790.007748684926,-0.701475018825754,0.219362684157733,-3.19778644904508,0.00138486793805103,0.0365206795862296,-0.534671576828423
"ENSG00000196476","C20orf96",1274.22586898869,-0.642751816241062,0.178590350982452,-3.59902879805761,0.000319407821035965,0.0177024328636005,-0.53414928416634
"ENSG00000160685","ZBTB7B",7610.2494085293,-0.61924090180306,0.158863666461553,-3.89793912979419,9.70147931043194e-05,0.00886645912692691,-0.533914152234379
"ENSG00000080823","MOK",822.876231513012,-0.625779232574189,0.166032407042016,-3.76901861343147,0.000163890666990706,0.0119827490522633,-0.532088256369248
"ENSG00000007255","TRAPPC6A",1858.28842866392,-0.685783708887162,0.210780912524418,-3.25353800149109,0.00113977479407833,0.0330837148061962,-0.531711365138451
"ENSG00000123810","B9D2",277.840838531588,-0.638505086551788,0.176744925423257,-3.61257945608757,0.00030316616737885,0.0174935260388372,-0.531686186294437
"ENSG00000137038","TMEM261",1871.28748288624,-0.59426561576734,0.136585167601603,-4.35087957354725,1.35592511375497e-05,0.00232434365351329,-0.531453743622794
"ENSG00000204366","ZBTB12",478.592116247016,-0.655073061310499,0.189838353746144,-3.45068869584951,0.000559158131345613,0.0228159444346104,-0.531332264857903
"ENSG00000152242","C18orf25",2206.21328002037,0.578814779487739,0.12134848667614,4.76985577111071,1.8435787010405e-06,0.00046512711650336,0.530983243010887
"ENSG00000154265","ABCA5",1135.332221174,0.687570770750335,0.223693150069237,3.0737229572632,0.00211405652943503,0.0460694581651699,0.530775276809366
"ENSG00000170430","MGMT",2096.42086141457,-0.663022359365568,0.195916143769992,-3.38421503510179,0.000713820738718019,0.0258839491754167,-0.530644234990888
"ENSG00000119723","COQ6",449.349425290166,-0.592480337259648,0.138528635784268,-4.2769520821841,1.89469565778318e-05,0.00303032886766698,-0.530638307758523
"ENSG00000197128","ZNF772",735.103991717472,0.692895503412062,0.228531491611366,3.03194758204432,0.0024298139441561,0.0496863666457401,0.529217977992356
"ENSG00000127415","IDUA",1018.90999970819,-0.688978444472974,0.214502461941346,-3.21198385434555,0.00131821783485674,0.0358319212075701,-0.528347240783942
"ENSG00000233927","RPS28",12720.3398616935,-0.689413494390342,0.214773826584134,-3.20995116283536,0.00132757525980748,0.0359770886973243,-0.528268994501012
"ENSG00000186352","ANKRD37",157.506655116308,-0.640928279748534,0.181743947861395,-3.52654538041251,0.000421019006819642,0.0199516229342864,-0.527383415704022
"ENSG00000119650","IFT43",1364.53202385124,-0.608912992279304,0.155241390507907,-3.92236239502305,8.76849731754648e-05,0.0081940180061067,-0.526688357962429
"ENSG00000164754","RAD21",23528.0592264012,0.671555398114607,0.214059475734398,3.13723742343396,0.00170547959644655,0.0408425882501965,0.526555223710003
"ENSG00000149932","TMEM219",8021.36945832662,-0.612141448086642,0.159552925587738,-3.8366043482545,0.000124747204556725,0.0100657507893,-0.524911896291364
"ENSG00000175414","ARL10",528.109210645768,0.660263834288306,0.207075693257879,3.18851442146837,0.00143005876383638,0.0371255690385523,0.523573226624187
"ENSG00000168273","SMIM4",543.181985606819,-0.659802430177059,0.197753739997668,-3.33648521734578,0.000848449406867692,0.0281449522689277,-0.523440695072226
"ENSG00000075399","VPS9D1",629.395150843693,-0.642954033229303,0.185972641425633,-3.45725063805372,0.000545717034630212,0.0226283084290069,-0.522887233049157
"ENSG00000111678","C12orf57",1361.79105081921,-0.693527666056252,0.220104345470445,-3.15090401588358,0.00162765970485863,0.0399948810605385,-0.522350639392879
"ENSG00000125901","MRPS26",2816.77991710425,-0.63821197208331,0.182726739180276,-3.49271253318682,0.000478140933614661,0.020992496430979,-0.522318173731583
"ENSG00000197170","PSMD12",5141.35970043365,0.620274401788829,0.174372986973439,3.55717025070696,0.000374871217604729,0.0190057991717712,0.521889945315651
"ENSG00000178096","BOLA1",1112.72676205173,-0.658013987670927,0.197574403897398,-3.33046171311057,0.000867020861980492,0.0283929519207615,-0.521446973268393
"ENSG00000155330","C16orf87",506.847637747857,0.616312698087004,0.171600493669853,3.59155550725131,0.000328710145266666,0.0178429843398842,0.520786719184326
"ENSG00000204228","HSD17B8",1010.55722250146,-0.649873761878072,0.193488664656052,-3.35871748886839,0.000783050757470567,0.0274496834022901,-0.518621875984871
"ENSG00000104731","KLHDC4",1339.89771214305,-0.619618855268767,0.170653384930752,-3.6308617934546,0.000282476426912694,0.0168666674509569,-0.518483974074918
"ENSG00000168096","ANKS3",1135.81101191532,-0.665055413103505,0.204423283532102,-3.25332516733137,0.00114062891149685,0.0330837148061962,-0.517530766724873
"ENSG00000196689","TRPV1",465.681949955682,-0.637045841913921,0.186646129300648,-3.41312109873853,0.000642233968197533,0.0243661432324992,-0.514554295816213
"ENSG00000053501","USE1",1117.35986062456,-0.613089434717518,0.168054290585025,-3.64816293938853,0.00026412211995645,0.015930032103636,-0.514537115658657
"ENSG00000179588","ZFPM1",463.332634877072,-0.646597844288825,0.198348349444815,-3.25991038543391,0.00111447420729426,0.0326736112524748,-0.514007107021878
"ENSG00000164961","KIAA0196",6296.19337351508,0.635434688776995,0.194694340416295,3.26375531727481,0.00109946071977386,0.0324573690501674,0.512082315402508
"ENSG00000183648","NDUFB1",2402.21807363331,-0.614705812596366,0.172049987386146,-3.57283265134295,0.000353140454557398,0.0183889679142054,-0.510609574669074
"ENSG00000197054","ZNF763",150.343803838087,-0.604202869225511,0.163962997237657,-3.68499526969336,0.00022870688796511,0.0147899873072889,-0.509988860824353
"ENSG00000162066","AMDHD2",871.520122101079,-0.659066588538177,0.20443309644485,-3.22387421606156,0.00126468937196814,0.0350340198090652,-0.509831943036322
"ENSG00000125122","LRRC29",191.234513885964,-0.646604129010247,0.196598780503838,-3.28895289865557,0.0010056085087032,0.0307361334190479,-0.509456016225435
"ENSG00000165752","STK32C",762.978236983228,-0.668565391604067,0.211337171305449,-3.16350118379213,0.00155883717827399,0.0388365095610876,-0.508050334003363
"ENSG00000121406","ZNF549",709.650503699268,0.654420116417166,0.212897446970482,3.07387489013854,0.00211298023123869,0.0460694581651699,0.506973155429329
"ENSG00000171302","CANT1",11469.3240788656,0.610865590624726,0.178122355978567,3.42947176545447,0.000604757350605165,0.0238088316953634,0.506072898779382
"ENSG00000131849","ZNF132",314.812447073121,0.605455278657822,0.174039282554056,3.478842648468,0.000503584184559425,0.0214268491639263,0.505055899602377
"ENSG00000131845","ZNF304",1315.18220390167,0.579754616944837,0.15110447831718,3.83677984531926,0.000124658129162349,0.0100657507893,0.503302507430815
"ENSG00000110628","SLC22A18",1631.95334437914,-0.691901055332744,0.22733277079533,-3.04356056063589,0.00233796378191423,0.0484161672750082,-0.503068577299072
"ENSG00000178226","PRSS36",174.982128104212,-0.644716325844879,0.199586306812629,-3.23026331886655,0.00123676255592961,0.0346765346277033,-0.501035713270265
"ENSG00000176853","FAM91A1",5086.65091726772,0.604800424306986,0.176605035351335,3.42459331979864,0.000615720342340686,0.0239171493356108,0.500991925419643
"ENSG00000099385","BCL7C",1292.14072971576,-0.63001613774351,0.189730919996288,-3.32057704540639,0.00089831560555083,0.0290460784155812,-0.500526410995173
"ENSG00000161996","WDR90",2724.68148548494,-0.631256935350817,0.190790131938421,-3.30864562510266,0.00093748416195637,0.0298279818705585,-0.500178873507381
"ENSG00000105607","GCDH",1644.53048166419,-0.591448747845653,0.161868161227055,-3.65389180529467,0.00025829514529497,0.0156842065683688,-0.497929403969494
"ENSG00000176476","SGF29",932.629758688964,-0.608682739910143,0.176351272882876,-3.45153584638088,0.000557405708310916,0.022814285331136,-0.49686349105339
"ENSG00000158062","UBXN11",1777.20074040092,-0.669995149346248,0.21726430627719,-3.08377920343462,0.00204389223916192,0.0448679432354258,-0.496834468152052
"ENSG00000186230","ZNF749",420.431726241819,0.584751868216551,0.161642116992792,3.61757120665913,0.000297380531374182,0.0174654998639532,0.496722109927735
"ENSG00000280273","AF131216.1",8.11275771223064,-0.664365409608418,0.218629443182476,-3.03877373485288,0.00237543190451064,0.0489093237994243,-0.496086945685429
"ENSG00000164037","SLC9B1",38.3147847686258,-0.630596853733371,0.197758756775672,-3.18871772868541,0.00142905345917071,0.0371255690385523,-0.495201604685888
"ENSG00000183401","CCDC159",1163.07665131348,-0.624932519640076,0.189533857363793,-3.29720783575134,0.000976512116642475,0.0303147367794517,-0.494557949109295
"ENSG00000138834","MAPK8IP3",3048.24621645144,-0.658694507084909,0.211758725113584,-3.11058968990106,0.00186714183353165,0.042934674793392,-0.493947175386225
"ENSG00000167526","RPL13",43849.6245179613,-0.661855650101843,0.214137371584131,-3.09079935559875,0.00199618473093218,0.0440365235039262,-0.492941087836612
"ENSG00000183011","NAA38",2075.42908387713,-0.657025656317368,0.211402941179981,-3.10793053611302,0.00188402344924581,0.0431437083180487,-0.492485598171127
"ENSG00000186787","SPIN2B",129.246502744108,-0.576603062223222,0.153348388877627,-3.76008555709937,0.000169855255752633,0.0121219808617407,-0.4923432854315
"ENSG00000123179","EBPL",1599.92602423562,-0.595244576916679,0.169499578356344,-3.51177615123783,0.000445122747722285,0.0202664482012804,-0.491382094574248
"ENSG00000124151","NCOA3",4864.85527572053,0.598328749798314,0.178442269680089,3.35306623745034,0.000799215774971369,0.0275844935974222,0.490911433037153
"ENSG00000175938","ORAI3",849.048682652663,-0.645872175841808,0.205416653798543,-3.14420551546532,0.00166538435612421,0.0403328281157639,-0.490631943924869
"ENSG00000105373","GLTSCR2",15387.1132163479,-0.657591471498444,0.212586542138616,-3.09328833746054,0.00197951703788547,0.0439001378808142,-0.490588852779429
"ENSG00000131143","COX4I1",11450.728948043,-0.611491285436551,0.182613415917464,-3.34855619651148,0.000812338046713342,0.0277166755406923,-0.489961456010048
"ENSG00000133250","ZNF414",650.883351857443,-0.598054820368851,0.173247526519031,-3.45202515952316,0.000556395842871944,0.022814285331136,-0.489011245203754
"ENSG00000196275","GTF2IRD2",278.457790727888,-0.593908154332928,0.170772806460735,-3.47776772333763,0.000505607853134484,0.0214619750549716,-0.487886357121331
"ENSG00000162437","RAVER2",1107.08540124993,0.622440727811362,0.200713162587151,3.10114553419531,0.00192773519579886,0.0434647023926067,0.487005147385875
"ENSG00000137767","SQRDL",2659.17757595053,-0.587483432889477,0.166285757620839,-3.53297505026884,0.000410911248607738,0.0196444831708786,-0.486975231905756
"ENSG00000141219","C17orf80",1495.69366435016,0.549848223951424,0.135983520707936,4.04349160169475,5.26610433758936e-05,0.00571707436359019,0.486103608223234
"ENSG00000143224","PPOX",1403.74186575615,-0.589468576675538,0.16888588462918,-3.49033655459024,0.000482412600539636,0.0211152439417862,-0.485459313341445
"ENSG00000135205","CCDC146",437.702639522325,-0.635911283493217,0.202157010806958,-3.1456306212425,0.00165729170896812,0.0402263772123929,-0.484427560553055
"ENSG00000110074","FOXRED1",1302.7382941111,-0.569274624987032,0.153712948261248,-3.70349167995596,0.000212652158898192,0.0140562292337392,-0.483366559870047
"ENSG00000131652","THOC6",1760.52593922116,-0.601853129749042,0.179580413791327,-3.35144082276366,0.000803922188519778,0.0276226195651897,-0.483326703683426
"ENSG00000132635","PCED1A",1886.20627962179,-0.59514533120972,0.175018025298953,-3.40048020878499,0.000672676052045262,0.0249804276623185,-0.482682897851046
"ENSG00000100360","IFT27",1029.11805604444,-0.571450329621378,0.156202478159107,-3.65839477296449,0.000253799904835709,0.0155164426461504,-0.482544666487411
"ENSG00000006756","ARSD",6907.94595836468,-0.590264682944481,0.171681055181594,-3.43814687252554,0.000585709920070249,0.0233862229089586,-0.482080690349138
"ENSG00000197150","ABCB8",2561.7963977537,-0.548304771381634,0.136138336053712,-4.02755599396562,5.63596478443619e-05,0.00600934745140509,-0.481094891780748
"ENSG00000117394","SLC2A1",5906.57605895919,0.624687090789691,0.20619012308562,3.02966544391795,0.00244824771623631,0.0497034846087443,0.480888316212601
"ENSG00000104957","CCDC130",1400.97095143746,-0.601132324740042,0.18204297415082,-3.30214515305607,0.000959484038897956,0.0300476181622012,-0.4782401193332
"ENSG00000142330","CAPN10",832.091911433178,-0.605184099829687,0.186329022116444,-3.24793257086641,0.00116246815437198,0.0334779614939957,-0.475730009953222
"ENSG00000182362","YBEY",574.045496553568,-0.607758996382716,0.188509012739759,-3.22403150676802,0.00126399491955766,0.0350340198090652,-0.474885165649499
"ENSG00000177700","POLR2L",6017.55492981388,-0.631309115709872,0.204000315090618,-3.09464774811471,0.00197046765356203,0.0439001378808142,-0.474337589905989
"ENSG00000120699","EXOSC8",1007.62177267357,-0.536725054939937,0.131159634446012,-4.09215119580761,4.27389827080779e-05,0.00503673287664342,-0.473763588701502
"ENSG00000067836","ROGDI",1171.21298886209,-0.637022325007966,0.207784956669386,-3.06577692253995,0.00217105228304394,0.0468118989765518,-0.47375944593035
"ENSG00000140104","C14orf79",1507.23009029843,-0.57675472813784,0.167513961365498,-3.44302482871515,0.000575246498742861,0.0232080867837407,-0.472431633455421
"ENSG00000162585","FAAP20",2109.82563265206,-0.616290028289044,0.19691377525688,-3.12974563351434,0.00174957730028781,0.0414552621429306,-0.469492126832796
"ENSG00000145414","NAF1",986.497144808068,0.604337844236769,0.197772471922564,3.05572276243476,0.00224518751339078,0.0476206288665543,0.469371929944773
"ENSG00000255561","FDXACB1",197.880277231857,-0.580720441782842,0.173911370193157,-3.33917466775092,0.000840277114260614,0.0279757115507376,-0.468670226364197
"ENSG00000116691","MIIP",1142.68528423728,-0.588880084794533,0.179338885039875,-3.28361629249339,0.00102484352212888,0.0310404385474341,-0.46786176604131
"ENSG00000119711","ALDH6A1",2991.64396355436,-0.571508118760851,0.167413621055733,-3.41374922277437,0.000640755248446418,0.0243661432324992,-0.466318498824073
"ENSG00000134419","RPS15A",4628.17642899345,-0.59659114695166,0.185573675150362,-3.21484793825561,0.00130513639004598,0.0357466942983599,-0.466281837115016
"ENSG00000135185","TMEM243",646.717487524462,-0.534998372467705,0.136242600860552,-3.92680680703748,8.6081068281578e-05,0.00811563250593635,-0.466189091156673
"ENSG00000024862","CCDC28A",1347.18182302194,-0.542065532471202,0.143040745805467,-3.78958827024297,0.000150897184905853,0.011453479971265,-0.465959131407627
"ENSG00000127445","PIN1",2175.44240447337,-0.588716059963926,0.180487436806786,-3.26181184895519,0.00110702593850004,0.0325618319151909,-0.465636550189014
"ENSG00000170604","IRF2BP1",2140.13492212191,-0.558333599541014,0.157977042643534,-3.5342704876484,0.000408902387043179,0.0196371808555079,-0.464825935405227
"ENSG00000177042","TMEM80",1377.15408513651,-0.568399586365434,0.166085375368631,-3.42233375517776,0.000620860517002123,0.0239171493356108,-0.464721498925111
"ENSG00000100726","TELO2",3103.70380470852,-0.619321738003903,0.20119878502971,-3.07815843874232,0.00208284144520359,0.0456111721368361,-0.464522885340989
"ENSG00000174428","GTF2IRD2B",415.090047895557,-0.551666847356854,0.153156629836097,-3.60197823592246,0.000315804809358805,0.0177024328636005,-0.463977679999541
"ENSG00000151498","ACAD8",1547.99598952019,-0.551168819353294,0.153306513318376,-3.59520810579434,0.000324132370649809,0.0177542415264774,-0.463035298887802
"ENSG00000177200","CHD9",3176.94901013679,0.565748874050678,0.171763062665468,3.29377495528565,0.000988516077823017,0.0304772607608325,0.461736160019157
"ENSG00000136986","DERL1",7258.47788785922,0.551218193136146,0.15964336821166,3.45280984303291,0.000554779936387122,0.022814285331136,0.460837854202043
"ENSG00000179965","ZNF771",277.58568872433,-0.607889252601862,0.196595463056059,-3.09208179655969,0.00198758072967383,0.0439125529075188,-0.459570870552133
"ENSG00000041880","PARP3",1577.50519244271,-0.557921888783267,0.161654460735483,-3.45132380662357,0.000557843855023591,0.022814285331136,-0.459003674860755
"ENSG00000197063","MAFG",1425.10515406531,0.528802313162838,0.14051760096252,3.76324609544028,0.000167722005238599,0.0120758465770939,0.458023277220392
"ENSG00000104976","SNAPC2",2006.00222938145,-0.585262830726249,0.182993337158133,-3.1982739908202,0.00138252855772995,0.0365206795862296,-0.456855569008267
"ENSG00000105669","COPE",4684.70719327828,-0.587270319881271,0.184759203629014,-3.17857139642406,0.00148002762995612,0.0376587143968807,-0.456091710092479
"ENSG00000169826","CSGALNACT2",1979.801452329,0.513024565124867,0.125806026158339,4.07790135966283,4.54440376192226e-05,0.00517776707772323,0.455846115715006
"ENSG00000182197","EXT1",3045.38080271241,0.51514632231562,0.128475365542039,4.00968948515702,6.07986472466432e-05,0.00632826464010874,0.455542417134311
"ENSG00000198814","GK",498.082078821922,-0.588703024772429,0.187431030624678,-3.14090480541229,0.00168426767815205,0.0405698016413835,-0.453047325062539
"ENSG00000188785","ZNF548",1070.6681760334,0.50896244106681,0.125614717529988,4.05177395670461,5.08307620470772e-05,0.00557115659089516,0.451587721699666
"ENSG00000099622","CIRBP",19353.0727502647,-0.544689217152167,0.156406161082756,-3.4825304411376,0.000496698745505372,0.0213147348395195,-0.451137068759887
"ENSG00000106400","ZNHIT1",4125.7820341791,-0.579452182609775,0.182396852088195,-3.17687600403098,0.00148870670770446,0.0378124573528134,-0.450666232003176
"ENSG00000179044","EXOC3L1",315.873742677739,-0.568375156356142,0.175700470866187,-3.23490969349203,0.00121681210129715,0.0344207114711732,-0.449045555834107
"ENSG00000174177","CTU2",526.154371912586,-0.569213457857114,0.176448986213117,-3.22593781961213,0.00125560632293133,0.034979278480045,-0.448751208282707
"ENSG00000007541","PIGQ",4514.03155101565,-0.595451002030354,0.194537933126902,-3.06084778664697,0.00220711266537163,0.0470666775890499,-0.44728455485431
"ENSG00000141971","MVB12A",2193.77390561399,-0.550978348928056,0.164475387402604,-3.3499136717603,0.000808367499475164,0.0276341355307225,-0.446428633007985
"ENSG00000111615","KRR1",2367.44972325233,0.497460576621574,0.118035360744813,4.21450464913695,2.50326996254831e-05,0.00350320897180686,0.446304718854992
"ENSG00000196872","KIAA1211L",1541.96725414051,-0.577527447420512,0.183688319240234,-3.14406190774277,0.00166620186435349,0.0403328281157639,-0.445899708227336
"ENSG00000179820","MYADM",9078.43692418236,0.534588194759236,0.15724861244642,3.39963695985801,0.000674753773779397,0.0249804276623185,0.444753839626734
"ENSG00000065268","WDR18",1856.9109124315,-0.574807089210507,0.18253215055204,-3.14907312203407,0.00163789206713883,0.0400347023944607,-0.444620624791755
"ENSG00000160799","CCDC12",1951.84193177093,-0.581752771200655,0.187509913615044,-3.10251740819948,0.00191882262209036,0.0433988252897785,-0.443860904299864
"ENSG00000140983","RHOT2",5182.81484401683,-0.567724681659466,0.17814132923195,-3.18693412756708,0.0014378951885403,0.0372211221276335,-0.443818369373322
"ENSG00000163344","PMVK",4366.05368912955,-0.584186751232153,0.189136481190824,-3.08870476786947,0.00201031103128633,0.0442936057852792,-0.443732393464171
"ENSG00000102738","MRPS31",932.064413769123,-0.482764228696854,0.103814926120677,-4.65023910083678,3.31550425110627e-06,0.000733217625309465,-0.441680359755578
"ENSG00000140691","ARMC5",1055.45448110865,-0.576632012604197,0.185327156905149,-3.11142750060812,0.00186185185678738,0.0428680620959284,-0.441639171427422
"ENSG00000184786","TCTE3",135.250344820639,-0.587896232052714,0.192835212641099,-3.04869750706214,0.00229835777462245,0.0481526114816515,-0.441322033551458
"ENSG00000130332","LSM7",1750.03160078593,-0.586684803979537,0.192204245197098,-3.05240294447146,0.00227017131664391,0.0478418574059323,-0.440760689952545
"ENSG00000175416","CLTB",3370.4209914603,-0.580191358735286,0.188611755400039,-3.07611451632334,0.00209717282702738,0.0458253185834156,-0.439679576715503
"ENSG00000140025","EFCAB11",696.551464787972,-0.505984809134361,0.131341274430505,-3.85244327290342,0.000116945074372999,0.00978895849179219,-0.439458301914248
"ENSG00000180257","ZNF816",626.538895853968,0.505025786342536,0.134194665513784,3.76338198250259,0.000167630853846369,0.0120758465770939,0.438431366174218
"ENSG00000103245","NARFL",1909.31303887881,-0.581717052392598,0.190617374289505,-3.0517525202561,0.00227509592298542,0.0478892987878236,-0.437605495512896
"ENSG00000130810","PPAN",208.99255272406,-0.563772505525738,0.179501230723121,-3.14077236827056,0.00168502944348737,0.0405698016413835,-0.43733349776203
"ENSG00000169189","NSMCE1",4386.3457426221,-0.537065164964785,0.160318489118056,-3.34998893714185,0.000808147879790066,0.0276341355307225,-0.436346217191671
"ENSG00000182446","NPLOC4",7426.42150152174,0.488722478278307,0.119675496149222,4.08373053802864,4.43184190295524e-05,0.00512177961339595,0.435306237604355
"ENSG00000099821","POLRMT",2389.97156637089,-0.520459850667457,0.148182157453968,-3.51229769906094,0.000444250072600827,0.0202664482012804,-0.43462031169907
"ENSG00000167671","UBXN6",6064.12401164158,-0.52162639236142,0.149315578054349,-3.49344923790574,0.00047682362724406,0.020992496430979,-0.434383283646176
"ENSG00000036549","ZZZ3",3205.60908628444,0.510713399304961,0.14532424068229,3.51430289198271,0.0004409097525703,0.0202664482012804,0.432241077744356
"ENSG00000186166","CCDC84",649.091256531296,-0.560269370336985,0.180833775583278,-3.09825622193554,0.0019466304852431,0.0436420424057068,-0.429659900071527
"ENSG00000131196","NFATC1",1175.30143313927,-0.565018563564873,0.184493990804655,-3.06253098597192,0.0021947375168732,0.0469192129176231,-0.428514205879416
"ENSG00000196417","ZNF765",916.289421373625,0.500829916149548,0.142573118207962,3.51279345254285,0.00044342203826468,0.0202664482012804,0.424320285701531
"ENSG00000214253","FIS1",5042.93472681227,-0.540879116108847,0.170761770242752,-3.16744851813109,0.00153782935791029,0.0385274647388071,-0.423821327779982
"ENSG00000149658","YTHDF1",5166.7644564563,0.480937126835773,0.122998965936907,3.91009081395427,9.22614277166845e-05,0.00847527669071267,0.423586658993938
"ENSG00000137154","RPS6",87922.4910202214,-0.536368132293843,0.169017589975928,-3.17344562995032,0.00150641113236099,0.0380597215994109,-0.42131949932247
"ENSG00000090581","GNPTG",3880.83718503056,-0.515472521115397,0.154269974640047,-3.34136647340567,0.00083367105088096,0.02788403751845,-0.420069631962182
"ENSG00000165637","VDAC2",3799.78597605819,0.47852530200245,0.125357819212839,3.81727526058815,0.000134933602510216,0.0106011650077434,0.418541947318666
"ENSG00000111261","MANSC1",3207.95168618796,-0.554630548491938,0.182994573156428,-3.03085790428237,0.00243859981686215,0.0497034846087443,-0.418222461993512
"ENSG00000224531","SMIM13",1008.1987846493,0.475312760516073,0.123814300758832,3.83891648705343,0.000123578451454621,0.0100657507893,0.416596885192896
"ENSG00000165698","SPACA9",621.037252267668,-0.513775968898402,0.155479046410608,-3.30447080014602,0.000951558877505769,0.0299565451190876,-0.416277099917925
"ENSG00000125877","ITPA",2612.97636917157,-0.521704731044335,0.161530378216657,-3.22976233204,0.00123893162294033,0.0346765346277033,-0.416149812812896
"ENSG00000005206","SPPL2B",2377.53597302623,-0.549987629693313,0.181060377533654,-3.0375924163258,0.0023847626733357,0.0489327076374139,-0.416139779767417
"ENSG00000100934","SEC23A",3568.35140346079,0.509488243900428,0.15724427044819,3.2401068887804,0.0011948490019636,0.0341360927785868,0.415777437853355
"ENSG00000141568","FOXK2",4180.58299556173,0.486773759570506,0.137316494581647,3.54490377178303,0.000392756444083444,0.0191955500885657,0.414677233181003
"ENSG00000156026","MCU",1473.71111347893,0.473860525795745,0.124514938197541,3.80565201778418,0.000141431114408039,0.0109673400536416,0.414278391806429
"ENSG00000220205","VAMP2",3991.4884592118,-0.518483687677188,0.160676066785499,-3.22688809883155,0.00125144391154596,0.0349176242796304,-0.41367330953229
"ENSG00000142082","SIRT3",1924.32652905827,-0.503529852633204,0.149395595397347,-3.37044643982955,0.000750464931388619,0.0269400367053393,-0.41331656647613
"ENSG00000204348","DXO",681.891510719477,-0.515899435917494,0.159161939543214,-3.24134926602489,0.00118965329875204,0.0340419481478359,-0.41311022646753
"ENSG00000243477","NAT6",488.7891012586,-0.523311875337746,0.16474131146501,-3.17656737514132,0.00149029168152103,0.0378124573528134,-0.412821559765083
"ENSG00000103152","MPG",1202.097562619,-0.518623737721043,0.161867589668825,-3.20399987905008,0.00135532533613215,0.0361919156454509,-0.411920741920221
"ENSG00000064490","RFXANK",2004.03530106813,-0.526563610560548,0.168712857987079,-3.12106390018522,0.00180198927998404,0.0421248957622543,-0.409909431453139
"ENSG00000101654","RNMT",2940.32638712158,0.461993244089887,0.116037995188711,3.98139629470978,6.851161198659e-05,0.00685613690232283,0.409788830993172
"ENSG00000136147","PHF11",2125.16337523558,-0.480798471235505,0.133113814093296,-3.6119352037988,0.000303920514796483,0.0174935260388372,-0.40915238016218
"ENSG00000167202","TBC1D2B",2935.41563620911,0.492854316343869,0.147793317680487,3.33475372282641,0.0008537497496073,0.0282162717061173,0.408945757376624
"ENSG00000176022","B3GALT6",1900.03166726813,-0.497051798728435,0.148226334266636,-3.35332990043671,0.000798454749344848,0.0275844935974222,-0.407477557749443
"ENSG00000176473","WDR25",756.619581917924,-0.479491385950021,0.133342316256216,-3.59594312902652,0.000323218412948512,0.0177542415264774,-0.40738317086903
"ENSG00000179859","AC025335.1",347.82924577644,-0.500381061657474,0.151028959779372,-3.31314644812788,0.000922526609896975,0.0294567186507745,-0.407349135669051
"ENSG00000104884","ERCC2",1448.40109859038,-0.478500133698366,0.132599574802157,-3.60860986479259,0.000307842144117978,0.0175617080496348,-0.407212366617201
"ENSG00000205464","ATP6AP1L",514.688651425371,-0.521349175658583,0.166879501143771,-3.12410554972492,0.00178346467963643,0.0419254630004297,-0.406875581965553
"ENSG00000077713","SLC25A43",1442.31118607812,0.478706991486715,0.136497973109856,3.50706300306338,0.000453081861051428,0.0204950893358945,0.406578942474976
"ENSG00000162241","SLC25A45",732.822767468353,-0.532110180725441,0.174483252093404,-3.0496347032814,0.00229119860030804,0.0481151706064688,-0.406355623553443
"ENSG00000101940","WDR13",3733.49824877325,-0.496035724952074,0.148263218979413,-3.34564248885592,0.000820921676784812,0.0278507007504666,-0.406227167729823
"ENSG00000198089","SFI1",1953.73410205794,-0.523225248902779,0.168775712167235,-3.10012170699259,0.00193441138698364,0.0434769274467226,-0.405727431289037
"ENSG00000186908","ZDHHC17",2033.91331244488,0.463570379255233,0.12220524998572,3.79337531987702,0.000148613267627666,0.0113281253745293,0.405391345231347
"ENSG00000104915","STX10",2028.59228193742,-0.507300264742734,0.158401608169317,-3.20262067163154,0.00136183231517695,0.0361919156454509,-0.404007079976614
"ENSG00000105248","CCDC94",1079.11384312237,-0.519394794472663,0.167279194866668,-3.10495752258166,0.00190306352396481,0.043260884396931,-0.403679147149704
"ENSG00000161533","ACOX1",4520.4505612163,0.464360421729725,0.125991032039906,3.68566249685648,0.000228108481498505,0.0147899873072889,0.402321698599041
"ENSG00000101152","DNAJC5",7125.39822611406,0.485860184558506,0.147722515087465,3.28900563513175,0.00100542010651396,0.0307361334190479,0.401060674088659
"ENSG00000092931","MFSD11",1595.65453061779,0.462062839784703,0.125055939717895,3.69484920769888,0.00022001732127563,0.0144241637619402,0.400772327140577
"ENSG00000046647","GEMIN8",1357.54610083243,-0.472541435139044,0.132676281713171,-3.56161198548373,0.000368584833955954,0.0188641718018657,-0.40043429242998
"ENSG00000153406","NMRAL1",3595.27511750303,-0.517976033772393,0.169043968828014,-3.06414974378285,0.0021828961766459,0.0469192129176231,-0.398781222081177
"ENSG00000035403","VCL",10735.8082850303,0.483976402292643,0.148839551274946,3.25166528753242,0.00114731044557245,0.0331480193734504,0.397470042810431
"ENSG00000107020","PLGRKT",2065.50656804698,-0.508701062041029,0.163436685778678,-3.11252678440812,0.00185493181109393,0.042763698239544,-0.397320629890631
"ENSG00000132004","FBXW9",737.728692674722,-0.514789510773078,0.167779062143381,-3.06825836428355,0.00215310377112297,0.0465241831750613,-0.39721613939106
"ENSG00000177150","FAM210A",968.76749530473,0.454108590795027,0.12012460574045,3.78031285094252,0.000156631418684195,0.0115939611689669,0.39716776517039
"ENSG00000182979","MTA1",2654.28144676873,-0.492389569232421,0.152103002647864,-3.2372113676964,0.00120703973231873,0.0342657729398185,-0.396242590525041
"ENSG00000120697","ALG5",2124.24874310752,-0.47171575128013,0.135272204396623,-3.48715948989079,0.000488180136599994,0.0212251718129022,-0.396176184309332
"ENSG00000163093","BBS5",426.971917722012,-0.503122858926405,0.160556491711555,-3.13361891234071,0.00172664941442919,0.041150291141626,-0.395554375841297
"ENSG00000171861","MRM3",606.183702358902,-0.508055052969672,0.164560401077481,-3.08734695372103,0.00201951733915063,0.0444417863589745,-0.394648461362654
"ENSG00000126214","KLC1",1010.14032698274,-0.48234106434966,0.147812814528831,-3.26318841764277,0.00110166250111661,0.0324573690501674,-0.390982160335983
"ENSG00000110063","DCPS",1310.17717996191,-0.45096946883095,0.120624221191808,-3.73863113374095,0.00018502497337983,0.012756166572828,-0.390729348206071
"ENSG00000065029","ZNF76",2246.29479903809,-0.45701961843515,0.126526613892193,-3.61204338262427,0.000303793726815003,0.0174935260388372,-0.390578057145189
"ENSG00000103544","C16orf62",4277.8335515597,-0.460636631943268,0.130110827339827,-3.54034050325546,0.000399611094344877,0.0192944300080856,-0.390235036309616
"ENSG00000164970","FAM219A",1418.1324362262,0.467842882810031,0.140572142715946,3.32813368119031,0.000874299020405985,0.0284751242773317,0.389535549523025
"ENSG00000256269","HMBS",1119.89521176465,-0.482270735951009,0.15000030888158,-3.21513161904049,0.0013038472457661,0.0357466942983599,-0.387622058588117
"ENSG00000117500","TMED5",4122.045372039,0.464894699685969,0.140220347701695,3.31545818638952,0.00091493027439436,0.0294069592381533,0.386644583310611
"ENSG00000060971","ACAA1",2625.35977479691,-0.478860123647574,0.148991609170222,-3.21400732775816,0.00130896332736906,0.0357466942983599,-0.385134057274108
"ENSG00000213923","CSNK1E",3848.69949336356,-0.458698562524302,0.132877568256213,-3.45203911046779,0.000556367075316143,0.022814285331136,-0.384559976472809
"ENSG00000130733","YIPF2",2505.98828758274,-0.451862885665508,0.128220225283884,-3.52411551816469,0.000424898963221697,0.0200295134952375,-0.382761098972937
"ENSG00000169016","E2F6",792.826356085656,0.424017722143083,0.101247379314532,4.18793775220435,2.81500696113125e-05,0.00379136990186045,0.382461631675653
"ENSG00000188342","GTF2F2",1504.52333703601,-0.454949220409624,0.132448764195459,-3.43490725015931,0.0005927566685445,0.0235438821434895,-0.380884566885619
"ENSG00000114391","RPL24",29227.9638523799,-0.494424181658987,0.163035796859732,-3.03261118835372,0.00242447761107118,0.0496339056538492,-0.380700515909486
"ENSG00000101150","TPD52L2",7994.22140711634,0.449107573018249,0.130811704713098,3.43323691104899,0.000596420708382298,0.0235842917202033,0.380128733764581
"ENSG00000012061","ERCC1",3043.58537757912,-0.450207221404392,0.129238826108886,-3.48352917586148,0.000494849181408024,0.0213147348395195,-0.379632346104809
"ENSG00000167699","GLOD4",3512.48985584161,-0.426808565301559,0.106100150661403,-4.02269518601939,5.75359380029178e-05,0.00606259563203686,-0.379605344187092
"ENSG00000011132","APBA3",741.831075493473,-0.471354418102616,0.147414638565673,-3.19747362059046,0.00138637091043578,0.0365206795862296,-0.378791783057178
"ENSG00000120662","MTRF1",371.12082922931,-0.441561112030969,0.12345835856349,-3.57659956902708,0.000348092766476599,0.0183117878532681,-0.37711914737137
"ENSG00000176715","ACSF3",1154.49010237427,-0.476301206300143,0.15225603146997,-3.12829121908438,0.00175825876196999,0.0415510411651299,-0.377073618285072
"ENSG00000204859","ZBTB48",1132.69239619946,-0.475582080474824,0.151800850073562,-3.13293423748523,0.00173068213744535,0.0411709284569172,-0.37695949784795
"ENSG00000119509","INVS",788.623156973355,0.433763605344093,0.118352373675502,3.6650182152948,0.000247320979801378,0.01537153120534,0.376786521436905
"ENSG00000204524","ZNF805",805.43587603077,0.457356563017384,0.141318107158603,3.23636207852747,0.00121063714365836,0.0343135176492916,0.376734805226411
"ENSG00000198131","ZNF544",1920.57792369895,0.458994577552873,0.1432848698197,3.2033708662362,0.00135828939759876,0.0361919156454509,0.376101304136562
"ENSG00000130811","EIF3G",6016.77738738549,-0.474987247670531,0.151983117080133,-3.12526323183709,0.00177646014340905,0.0418156774623999,-0.375930290598026
"ENSG00000144504","ANKMY1",1076.67223862256,-0.482782877160717,0.158001266271508,-3.05556334169568,0.00224638147670621,0.0476206288665543,-0.375364535380812
"ENSG00000115904","SOS1",3509.8659835093,0.433666165632603,0.121550729474667,3.56777921043235,0.000360019662945373,0.0186388214518511,0.373327134282183
"ENSG00000105402","NAPA",4214.96619581584,-0.432206731734391,0.118278669661621,-3.65413927101883,0.000258046178068932,0.0156842065683688,-0.3727031888605
"ENSG00000153317","ASAP1",3587.2322092632,0.469589830491549,0.154969256311679,3.0302128413593,0.00244381453132274,0.0497034846087443,0.372590806553211
"ENSG00000084073","ZMPSTE24",6412.67925918939,0.430199100131828,0.11968467541741,3.59443762228936,0.00032509301739991,0.0177542415264774,0.37150749942477
"ENSG00000109189","USP46",1834.64192844298,0.449558806594242,0.138566012535618,3.24436561583731,0.0011771254662189,0.0337914238403512,0.371376123676701
"ENSG00000102189","EEA1",2427.4818031056,0.465857522199043,0.15287413933826,3.04732719487797,0.00230886237733485,0.04825804019365,0.371189698852813
"ENSG00000153936","HS2ST1",2204.17658861607,0.43445559627508,0.124337857668391,3.49415378728636,0.00047556698560534,0.020992496430979,0.371172739394022
"ENSG00000130363","RSPH3",1605.64650344674,-0.458552995548191,0.143849307598112,-3.18773168397377,0.00143393529981364,0.037172334335111,-0.369225112604401
"ENSG00000069329","VPS35",9872.69879636074,0.463185605132033,0.152894784343308,3.02944019393103,0.00245007407522588,0.0497034846087443,0.368073318644342
"ENSG00000100211","CBY1",1102.66083882225,-0.460442945491345,0.147869264021684,-3.1138516076189,0.00184662338575002,0.0426270163775,-0.36534050647771
"ENSG00000178229","ZNF543",501.116511755993,0.445622429212855,0.139917277720717,3.18489922382812,0.00144804425257446,0.0372684147936298,0.365196293340973
"ENSG00000102897","LYRM1",1806.3586138549,-0.452571236180063,0.142292639667595,-3.18056673372074,0.00146987280634903,0.0375765578405564,-0.364612188904617
"ENSG00000130312","MRPL34",1858.96684498389,-0.456087556787006,0.145081224086798,-3.14367044845266,0.00166843217963385,0.0403328281157639,-0.36451350196404
"ENSG00000150316","CWC15",2599.1510593302,-0.437863657785464,0.131033411617565,-3.34161838862455,0.000832914877478767,0.02788403751845,-0.363458390847254
"ENSG00000022976","ZNF839",539.680262539089,-0.441885181658572,0.135214839193804,-3.26802283161551,0.00108301628556599,0.0321725882642515,-0.362430445453356
"ENSG00000068745","IP6K2",4636.17468645364,-0.418094350112941,0.113653747296193,-3.67866753238981,0.000234455660484598,0.0150530618145541,-0.362371338128659
"ENSG00000185236","RAB11B",5126.33388026227,-0.449965321929615,0.142879385103168,-3.14926692611892,0.00163680615477938,0.0400347023944607,-0.360706112354993
"ENSG00000244754","N4BP2L2",4738.41976503771,-0.4359253936162,0.13217556604272,-3.29807850775767,0.000973489118656076,0.0303011908331159,-0.359764831635086
"ENSG00000101407","TTI1",2234.49137538488,0.44120647124937,0.14127786967405,3.12296945209678,0.00179036329275668,0.0419774576742805,0.358494375361357
"ENSG00000041988","THAP3",776.336318195998,-0.457680352772214,0.150646306241565,-3.03811201343571,0.00238065445506871,0.0489327076374139,-0.357721699722396
"ENSG00000063761","ADCK1",577.685279116224,-0.449347063357725,0.144611792761054,-3.10726431626634,0.00188827484627646,0.0431437083180487,-0.357434052255453
"ENSG00000167283","ATP5L",1124.54280297259,-0.456384831884655,0.150120655108116,-3.04012017237715,0.00236483769170506,0.0487472239027765,-0.357019129794751
"ENSG00000196968","FUT11",1313.78510602548,0.406741796359802,0.109504473471925,3.71438520695763,0.000203698309233863,0.0135644900122906,0.356334963106339
"ENSG00000130023","ERMARD",1361.05595445579,-0.428131022738592,0.128504765508409,-3.33163537589254,0.000863372961670605,0.0283772474539551,-0.355809956950876
"ENSG00000058272","PPP1R12A",4108.09156461474,0.414889364597828,0.119592824274178,3.46918276339602,0.000522044190891725,0.0219259912076811,0.354854064209045
"ENSG00000154144","TBRG1",1132.47909007394,-0.412122017277065,0.117102924682978,-3.51931446966645,0.000432663532298427,0.0201714502742995,-0.351996270142202
"ENSG00000148634","HERC4",2793.60542668909,0.397914804705516,0.104139067682141,3.82099449862612,0.000132914617406676,0.0104885442361489,0.351982383386382
"ENSG00000136628","EPRS",14413.8477860439,0.438146639380085,0.143952259107814,3.04369408368876,0.00233692645289478,0.0484161672750082,0.351509282134756
"ENSG00000173540","GMPPB",1684.56065328452,-0.445132509224878,0.145346538205299,-3.06256010443219,0.00219452399406325,0.0469192129176231,-0.351380749566435
"ENSG00000161542","PRPSAP1",2806.23063875436,0.407936603932187,0.116160514639642,3.5118353702005,0.000445023579672528,0.0202664482012804,0.350910673280243
"ENSG00000107779","BMPR1A",2027.13737747517,0.420443334927182,0.130522556130645,3.22123123689322,0.00127641117218121,0.0352844958754353,0.348546856824723
"ENSG00000121644","DESI2",3645.28162762108,0.422729916537945,0.134066215852695,3.15314275001556,0.00161522799226066,0.0397985956332396,0.346792610018492
"ENSG00000197912","SPG7",3822.75877229657,-0.412390927963549,0.122579758148152,-3.36426612512259,0.000767474999457506,0.027233662287736,-0.345741549679407
"ENSG00000116809","ZBTB17",1413.70964450477,-0.435789859618548,0.14230585144246,-3.06234673557858,0.00219608904843155,0.0469192129176231,-0.34520256821663
"ENSG00000107937","GTPBP4",3728.03004859013,0.401661622940727,0.116647487903133,3.44337996609304,0.000574491551927718,0.0232080867837407,0.343566635764431
"ENSG00000156858","PRR14",2993.66389158929,-0.423327064945574,0.134059825094401,-3.15774740603667,0.00158993258143163,0.0394466237274028,-0.34292533765754
"ENSG00000136104","RNASEH2B",1612.66166060453,-0.413911829864062,0.12640074077199,-3.27459971623667,0.00105811787777658,0.0317488535085626,-0.342642302833398
"ENSG00000085644","ZNF213",2439.45320008327,-0.430059096336021,0.139989120815583,-3.07208941545227,0.00212566040563685,0.0462268859090138,-0.342049638659105
"ENSG00000253719","ATXN7L3B",9404.34937480884,0.419790838323572,0.135433108250619,3.0996175436419,0.00193770673972458,0.0434964170785544,0.341796219977519
"ENSG00000116161","CACYBP",5260.36086750013,0.419222971526702,0.136558988240527,3.06990390693512,0.00214127652838681,0.046395268890302,0.339722857046762
"ENSG00000133193","FAM104A",1245.21045346183,0.402363326376262,0.121059952213483,3.32366995872191,0.00088841269100317,0.0288299574890214,0.339518938138969
"ENSG00000168256","NKIRAS2",2741.54765818451,0.395901664901146,0.114964465318039,3.44368726289397,0.00057383904865764,0.0232080867837407,0.339072904122601
"ENSG00000165943","MOAP1",2889.72140121613,-0.418628853358906,0.133204759035898,-3.14274697382311,0.00167370450646578,0.0404057531325087,-0.338794927991377
"ENSG00000103260","METRN",4123.95905355562,-0.98603302873197,0.295156501503678,-3.3407125498121,0.000835636905034449,0.02788403751845,-0.338250360090589
"ENSG00000148660","CAMK2G",1845.61857916256,0.383699168328208,0.104356970177246,3.67679482909967,0.000236182849835094,0.0150852318547769,0.336548667176766
"ENSG00000105705","SUGP1",1912.29441762686,-0.403773227760989,0.122327389855537,-3.3007589570727,0.000964236844876277,0.0301437602133835,-0.336501714380626
"ENSG00000168434","COG7",2462.0314941919,-0.401512910396494,0.120395721782494,-3.33494333894906,0.000853167814931352,0.0282162717061173,-0.336391372604487
"ENSG00000108953","YWHAE",31448.6630905516,-0.400306004718424,0.11931234578898,-3.35510966674329,0.000793335272944879,0.0275734011999393,-0.336363037490041
"ENSG00000185163","DDX51",1560.82633124435,-0.411911233250558,0.130083430059179,-3.16651577424708,0.00154276978445564,0.0385972557946284,-0.335521919306944
"ENSG00000119541","VPS4B",4713.36521592072,0.393755791618473,0.117037714028191,3.36434964479593,0.000767242761536006,0.027233662287736,0.334528591446374
"ENSG00000150433","TMEM218",1054.10885640415,-0.400901380855131,0.122188904926973,-3.28099659371473,0.00103440993465999,0.0311685821354003,-0.33349902983925
"ENSG00000139684","ESD",4709.88305744851,-0.390875898355578,0.114582611314892,-3.41130206294031,0.000646534239167616,0.0244332654561382,-0.331584797303625
"ENSG00000028203","VEZT",5027.95854856238,0.393430061611491,0.119826123168394,3.2833413216465,0.00102584377938263,0.0310404385474341,0.331113494422752
"ENSG00000065308","TRAM2",3282.48835918037,0.4085913012007,0.134062379906418,3.0477700118849,0.0023054630108786,0.0482450454601266,0.330962782526376
"ENSG00000168397","ATG4B",2900.91913807224,-0.405846045491169,0.128975665778019,-3.14668695868316,0.00165131652758393,0.0401357299302727,-0.330179717335503
"ENSG00000170871","KIAA0232",5297.83541323602,0.405483309126976,0.132087475236525,3.06980891565145,0.00214195764932059,0.046395268890302,0.329973111941073
"ENSG00000100439","ABHD4",2891.30321406564,0.398111065460619,0.127051123679684,3.13347142418292,0.00172751738617221,0.041150291141626,0.327911060763268
"ENSG00000151694","ADAM17",1751.60945390655,0.397120687260256,0.128340319793718,3.09427846134831,0.00197292217357911,0.0439001378808142,0.325264352256121
"ENSG00000162378","ZYG11B",2563.36224907397,0.381526469494692,0.114115186293088,3.34334528022237,0.000827748375747861,0.02788403751845,0.324367832677211
"ENSG00000173950","XXYLT1",1215.78324960817,0.388390940835163,0.120909364039548,3.21224864525897,0.00131700336969708,0.0358319212075701,0.324346961817481
"ENSG00000108788","MLX",2394.71057550298,0.376745936447197,0.110792154445592,3.40047486514228,0.00067268919975741,0.0249804276623185,0.322687354825333
"ENSG00000126003","PLAGL2",1830.40723778277,0.387361512782771,0.122547665400179,3.16090487336372,0.00157279854266415,0.0390756453463841,0.32136733349964
"ENSG00000166197","NOLC1",8280.67082163935,0.383493538196052,0.11956517438092,3.20740165505291,0.00133939847052362,0.0361335012085688,0.320538181557146
"ENSG00000153046","CDYL",2068.24192683481,0.384237689640559,0.120349631844783,3.19267856287352,0.0014095976196908,0.0369478315918655,0.320457462343045
"ENSG00000182180","MRPS16",4910.21973139847,0.379800627534862,0.11634931046769,3.26431352285781,0.00109729668214836,0.0324573690501674,0.320080748727762
"ENSG00000101413","RPRD1B",3009.74128105699,0.388514949692576,0.125603484965015,3.09318606725595,0.0019801993751855,0.0439001378808142,0.319050981592733
"ENSG00000187109","NAP1L1",22643.6355570749,0.376351315895091,0.115705136157639,3.25267596921835,0.00114323784207198,0.0330837148061962,0.31704405763221
"ENSG00000107745","MICU1",4075.27262158631,0.358938939949976,0.0979989094880269,3.66268300152696,0.000249587327392976,0.01537153120534,0.31609556189054
"ENSG00000119906","SLF2",2922.16598224628,0.377584235603138,0.119146756517235,3.16906852221796,0.00152928336454129,0.0384208315694644,0.314556166235338
"ENSG00000170364","SETMAR",1547.51876793969,-0.380794206803326,0.121617007187319,-3.1310933857862,0.00174156770959585,0.0413749368461412,-0.311954886490413
"ENSG00000151553","FAM160B1",2115.42785467695,0.378991730523241,0.123623421185907,3.0656952128295,0.00217164562326325,0.0468118989765518,0.310912651233536
"ENSG00000180901","KCTD2",3335.86735003769,0.368492295076652,0.113971796358282,3.23318844530851,0.00122416782038693,0.0345330994749465,0.310401116145204
"ENSG00000169249","ZRSR2",1107.84966900345,-0.373092165035748,0.116629932849196,-3.19894006556757,0.00137933840990727,0.0365206795862296,-0.309742898555834
"ENSG00000121892","PDS5A",9648.83090132811,0.36982596531025,0.118204816804447,3.12868777523739,0.00175588778263626,0.0415498254298063,0.307170209930114
"ENSG00000119787","ATL2",3136.45509846138,0.359981725601663,0.109107304525342,3.29933662249032,0.000969136214978598,0.0302441411479297,0.306376159495147
"ENSG00000173692","PSMD1",7788.2909843486,0.351629092470484,0.100662174399919,3.49316011269043,0.000477340209769187,0.020992496430979,0.305853274917219
"ENSG00000146834","MEPCE",4316.16008644147,-0.365130772536132,0.114484849051744,-3.18933706565051,0.00142599500254312,0.0371255690385523,-0.303596936633153
"ENSG00000164077","MON1A",597.145365531506,-0.373227479938209,0.122409959677975,-3.04899602058575,0.00229607523059926,0.0481526114816515,-0.302576192072883
"ENSG00000084112","SSH1",3248.5414142583,0.353845662164601,0.107735020628822,3.28440705816266,0.00102197199428435,0.0310281090400263,0.301216167059784
"ENSG00000166479","TMX3",3225.73382051445,0.363160252368346,0.117117943627444,3.10080796435062,0.00192993408588031,0.0434647023926067,0.30115453306591
"ENSG00000130414","NDUFA10",6392.74262023551,-0.349463876574408,0.105341668118215,-3.31743252994851,0.000908488547784024,0.0292693441662864,-0.297082656933015
"ENSG00000106993","CDC37L1",1442.08508563428,-0.351928963924906,0.109498175328876,-3.21401669815862,0.0013089206109593,0.0357466942983599,-0.29512365931128
"ENSG00000100614","PPM1A",5920.66061859766,0.355426455081111,0.116661878714203,3.04663750488565,0.00231416605405825,0.04825804019365,0.293286151786057
"ENSG00000148835","TAF5",316.634728413735,0.352573226483062,0.11512245687898,3.06259296440915,0.00219428305794624,0.0469192129176231,0.291829451709318
"ENSG00000102543","CDADC1",456.383974039242,-0.338440677910024,0.0991703369867467,-3.41272086183648,0.000643177854593335,0.0243661432324992,-0.29182671675088
"ENSG00000161217","PCYT1A",4038.05800265183,0.333059077333876,0.0948509778937878,3.51139318465254,0.000445764561564476,0.0202664482012804,0.291606924310702
"ENSG00000152683","SLC30A6",2458.41682966132,0.337152265384169,0.100224975213291,3.3639545898282,0.000768341842006483,0.027233662287736,0.290904678213414
"ENSG00000112062","MAPK14",3894.80023630612,0.328795940861288,0.0937905975677519,3.50563861823968,0.000455513235940432,0.0205531702654936,0.288083309795482
"ENSG00000042317","SPATA7",551.780904433993,-0.350321230641434,0.115201572458777,-3.04094139658371,0.00235839728742131,0.0487266096996284,-0.286624161701739
"ENSG00000105819","PMPCB",3579.37552436271,-0.328187545128089,0.0938259055373251,-3.4978350941418,0.000469051058451087,0.020952896783128,-0.286216842030768
"ENSG00000167380","ZNF226",1053.72719780731,-0.347964160943747,0.114231672715612,-3.04612681116934,0.00231810044716512,0.0482838759419405,-0.285277694225594
"ENSG00000042429","MED17",250.497753796289,-0.345486610456972,0.113230158025821,-3.05118898075004,0.00227937060332885,0.0479229643397063,-0.283822822829517
"ENSG00000074054","CLASP1",3639.81604804229,0.324341103834555,0.0945618064610134,3.42993768809056,0.000603719874344416,0.0238088316953634,0.282696264717289
"ENSG00000087152","ATXN7L3",4523.67697290675,0.32539780695371,0.0969952266932544,3.35478165315056,0.000794276504168408,0.0275734011999393,0.281556692150547
"ENSG00000119231","SENP5",2288.69526938581,0.327506505692169,0.101401092266555,3.22981240508974,0.00123871466931159,0.0346765346277033,0.279547191424701
"ENSG00000136816","TOR1B",2077.11731377336,0.325976353997771,0.103531207975768,3.14858061034184,0.00164065466536102,0.0400347023944607,0.275789080368387
"ENSG00000089737","DDX24",9231.3062523775,-0.315301051406347,0.0908061464124198,-3.47224349742059,0.000516127968204539,0.0217921030024357,-0.275514851041187
"ENSG00000071994","PDCD2",2871.4619570642,-0.329961628763646,0.10669575874426,-3.09254681392289,0.00198446930850773,0.0439125529075188,-0.274699308322372
"ENSG00000155827","RNF20",4425.13248540792,0.321681691513759,0.101177997646386,3.17936408109229,0.00147598572363568,0.0376092919878891,0.273607803155439
"ENSG00000117640","MTFR1L",1684.06271461399,-0.321544523297908,0.105334227484869,-3.05261196645787,0.00226859080720583,0.0478418574059323,-0.267271122321899
"ENSG00000125818","PSMF1",8440.87002443855,-0.314566022403104,0.100890082032688,-3.11790828261183,0.00182139475091349,0.0423173076175271,-0.264709310393305
"ENSG00000107929","LARP4B",5290.95585029138,0.298409252344691,0.093688266223296,3.18512941240117,0.00144689288616396,0.0372684147936298,0.25636069786828
"ENSG00000144233","AMMECR1L",2421.18695590982,0.290932759089383,0.0853538961766029,3.40854691023623,0.0006530985508429,0.0246293775605239,0.25593651203738
"ENSG00000134452","FBXO18",3442.08990780248,0.283260650372443,0.0881541719001559,3.2132415774181,0.00131245846936758,0.0357839704136705,0.245616331062072
"ENSG00000125826","RBCK1",5742.3222523339,-0.504217373585143,0.143467459732213,-3.51450687512195,0.000440571267345321,0.0202664482012804,-0.24081985674388
"ENSG00000053371","AKR7A2",3666.20961547898,-0.487489989125682,0.154161744209538,-3.1621981940155,0.0015658295299783,0.0389565338479184,-0.231118676131981
"ENSG00000120029","C10orf76",2199.48408390564,0.258103953805223,0.083001460884207,3.10963145775587,0.00187320908174285,0.043018967027256,0.224190010508026
"ENSG00000079246","XRCC5",23519.9045312855,0.25733994506521,0.0846388941356735,3.04044550313597,0.00236228438005935,0.0487472239027765,0.222056348249589
"ENSG00000196932","TMEM26",1257.87991913752,-1.48412405406458,0.411960388340185,-3.6025892199107,0.000315063208748339,0.0177024328636005,-0.218106903359536
"ENSG00000171189","GRIK1",51.9691395833435,-1.60128625171683,0.49133530922368,-3.25904982128578,0.00111786035136788,0.0327193341079294,-0.205832257361957
"ENSG00000151502","VPS26B",3922.28966720756,-0.367280972804191,0.110789701138209,-3.31511836417008,0.000916043278897423,0.0294069592381533,-0.202379900663631
"ENSG00000166928","MS4A14",514.379120661476,-1.42808736672485,0.405433538099536,-3.52237107324419,0.000427705019733304,0.0200562304148761,-0.195136089102102
"ENSG00000108602","ALDH3A1",31.2703920130376,-1.87087628326382,0.530700074698634,-3.52529869969628,0.000423005530352901,0.0199928708844631,0.193692072732387
"ENSG00000169885","CALML6",36.9509865071917,-1.1864999572035,0.38729184556748,-3.06358104561944,0.00218704955891457,0.0469192129176231,-0.181269966965012
"ENSG00000188817","SNTN",41.4173476040222,-2.61698544087424,0.516076699016764,-5.07092346129975,3.95889977022891e-07,0.000144605492884587,-0.175560324173923
"ENSG00000105219","CNTD2",645.258274709682,-1.22909511533965,0.393863501303104,-3.12061186495619,0.00180475736096723,0.0421248957622543,-0.164788914175309
"ENSG00000162482","AKR7A3",2237.58085281093,-1.41465859119028,0.416406400360016,-3.39730270708423,0.00068053640926765,0.0249804276623185,-0.161322609274306
"ENSG00000262304","RP11-235E17.2",1.29179892034962,-1.78244804563877,0.585890615290769,-3.04228809801667,0.00234787061113605,0.0485651342462818,-0.156876184531494
"ENSG00000171811","CFAP46",149.475720591291,-1.37357536961885,0.418537092926914,-3.2818485931872,0.0010312896390877,0.0311525991652242,-0.14925114710191
"ENSG00000021645","NRXN3",364.03721254647,-1.32612309506508,0.413057000110612,-3.21050870632856,0.00132500254633845,0.0359617736553949,-0.147976637098025
"ENSG00000173809","TDRD12",82.6827713770995,-1.73711783626329,0.504890606070259,-3.44058260418804,0.00058046322225885,0.023311582858295,-0.146695297160494
"ENSG00000183346","C10orf107",96.6080872310392,-1.60350057157611,0.444639081045704,-3.60629697192831,0.000310597662497774,0.0176626537407068,-0.145053861993903
"ENSG00000175868","CALCB",3.84166412707652,2.2061935263525,0.71125951096112,3.10181233762525,0.001923398475778,0.043447461408085,0.143569537671599
"ENSG00000165084","C8orf34",59.6384905768109,-1.54255645451639,0.453635073647912,-3.40043471972285,0.000672787982792159,0.0249804276623185,-0.139008659809305
"ENSG00000149294","NCAM1",243.688907528779,-1.35049076603771,0.431784985853391,-3.12769274125771,0.00176184258938833,0.0415808778705049,-0.137879954595934
"ENSG00000184709","LRRC26",195.541868391112,-1.71489434553257,0.47070893191705,-3.6432160710194,0.000269252630617569,0.0161308440543562,-0.132648609325469
"ENSG00000176601","MAP3K19",35.2109546513393,-2.50866880125936,0.531270103318016,-4.7220214079272,2.33512095925636e-06,0.000565257050583233,-0.131113383097194
"ENSG00000008056","SYN1",158.947636454965,-1.6064331479818,0.45348619056056,-3.54240808522982,0.000396491572197248,0.0191955500885657,-0.130603966819459
"ENSG00000109758","HGFAC",21.642756241015,-1.59809445470505,0.466691605956801,-3.42430511778472,0.00061637374881572,0.0239171493356108,-0.125690002582661
"ENSG00000082482","KCNK2",743.926667574826,-2.68972358907263,0.522041436418008,-5.15231819054095,2.57286007697523e-07,0.000114213080646373,-0.124583593710362
"ENSG00000085741","WNT11",319.859385649504,-1.76719293451321,0.48730050970238,-3.62649514894316,0.000287294214120643,0.0169844925991521,-0.12393439522418
"ENSG00000133878","DUSP26",20.4175577353112,-1.63397886060131,0.505617558453297,-3.23164975836621,0.00123077811121648,0.0346105624901425,-0.12289283185727
"ENSG00000183092","BEGAIN",99.763108910472,-1.5545307356139,0.342860058206779,-4.53400942572426,5.78744446030583e-06,0.00117807377974385,-0.121994407449417
"ENSG00000196844","PATE2",1.8814982908204,-2.01642718472524,0.627392907798695,-3.21397828961789,0.00130909571036253,0.0357466942983599,-0.118919450196359
"ENSG00000144191","CNGA3",45.0647892030263,-1.77126149511333,0.491921515580179,-3.60069937787593,0.000317362355613919,0.0177024328636005,0.11857414222352
"ENSG00000172232","AZU1",96.2226269004328,-1.86804537790462,0.486744777480183,-3.83783342797278,0.000124124631261743,0.0100657507893,-0.116421143907374
"ENSG00000071909","MYO3B",190.062646486675,-2.97712996407184,0.569838391605435,-5.22451629783002,1.7461094872734e-07,9.09919852900617e-05,-0.115140654984327
"ENSG00000260001","TGFBR3L",23.3878555826816,-1.47033239936518,0.462159430596161,-3.18143978468324,0.00146544983376725,0.0375545105468852,-0.114869352144884
"ENSG00000162595","DIRAS3",202.058178174751,-1.40853633755856,0.430982745042821,-3.26819658967697,0.00108235157129652,0.0321725882642515,-0.108127239835185
"ENSG00000100033","PRODH",431.239227812307,-2.10424247084707,0.513134845122741,-4.10075926600489,4.11796779134403e-05,0.00491767713642304,-0.107946913545925
"ENSG00000234602","MCIDAS",154.580082535245,-2.1946033835456,0.514340113361168,-4.26683302844893,1.98267436805041e-05,0.00310518036477483,-0.106926786004037
"ENSG00000139910","NOVA1",2185.6238469179,-1.6103220340337,0.477290115646055,-3.37388515128579,0.000741152829947557,0.0267128181948704,-0.106627640804079
"ENSG00000174776","WDR49",11.9242766304272,-1.88536153696274,0.532665079745932,-3.53948777318388,0.000400904341196163,0.0193048372684056,-0.106127952992469
"ENSG00000270765","GAS2L2",34.2183170270681,-1.81921643064498,0.503203940905373,-3.61526665981951,0.000300038621074659,0.0174935260388372,-0.106008749367827
"ENSG00000203867","RBM20",372.188799559239,-1.85150815524732,0.499338168221611,-3.70792435483442,0.000208965053862766,0.0138636704068286,-0.105586441814947
"ENSG00000234965","SHISA8",9.28128608200786,-1.73973955114784,0.517223093384254,-3.3636153787421,0.000769286725707275,0.027233662287736,-0.10521139813647
"ENSG00000205863","C1QTNF9B",2.59293289475649,-1.96900468535196,0.616936992125569,-3.19158149127682,0.00141496189761736,0.0369478315918655,-0.104493380927028
"ENSG00000006747","SCIN",1246.01219770113,-1.45903296369152,0.467397910168771,-3.12160780343387,0.00179866380876356,0.0421169474593225,-0.103054215321495
"ENSG00000261678","SCRT1",13.1178726545437,-1.69510334613974,0.530926336726701,-3.192727933955,0.00140935665467298,0.0369478315918655,-0.102908460913796
"ENSG00000118492","ADGB",11.5915883805752,-2.23735578183862,0.570491747407734,-3.92180218557933,8.78891344185509e-05,0.0081940180061067,-0.102047294749839
"ENSG00000169085","C8orf46",19.7036715998598,-1.82511043506157,0.51695781498815,-3.53048233752576,0.000414802709685798,0.019761598240962,-0.10141426716291
"ENSG00000165164","CFAP47",50.2505867430202,-1.56831247227765,0.485790430361355,-3.22837251263074,0.00124496737397528,0.0347911085335712,-0.100560681661834
"ENSG00000275410","HNF1B",3.28680994698344,-2.04262802020623,0.619874959248906,-3.29522589956086,0.000983425899691572,0.0303726002434054,-0.100423053514372
"ENSG00000184163","FAM132A",42.1172325659084,-1.16965094690548,0.365802965249303,-3.19748897089541,0.00138629712539967,0.0365206795862296,-0.0996014529414813
"ENSG00000197520","FAM177B",67.3813371093115,-1.72314865831573,0.50324301185875,-3.42408859678192,0.000616865065767232,0.0239171493356108,-0.0983952654269726
"ENSG00000160716","CHRNB2",216.23410432183,-2.91642128585859,0.575544742182317,-5.0672364320457,4.03632816626435e-07,0.000144605492884587,-0.0968397369300931
"ENSG00000158486","DNAH3",59.0388446554108,-1.85360814000744,0.517633658786307,-3.58092660425828,0.000342377830319815,0.0182530180789251,-0.0966067987575165
"ENSG00000133063","CHIT1",683.531313550945,-1.91339410470924,0.544877309185786,-3.51160540630412,0.000445408792597398,0.0202664482012804,-0.0964731824323125
"ENSG00000091138","SLC26A3",164.8820415352,-2.29399430780697,0.55349295709159,-4.14457723158954,3.40441206199938e-05,0.00432593734057318,-0.0960077354508647
"ENSG00000153789","FAM92B",19.8071508077282,-1.83383206296706,0.538736981293562,-3.40394687322903,0.000664196703632671,0.0248907019919917,-0.094201968696621
"ENSG00000122136","OBP2A",55.4964763936729,-2.37209395959222,0.559287558869737,-4.24127789358659,2.22250755253894e-05,0.00334552754526303,-0.0924756820881784
"ENSG00000095627","TDRD1",134.427063741979,-3.09185170546177,0.597083243941629,-5.17825903981328,2.23966108415592e-07,0.000105576444738118,-0.0893478314721257
"ENSG00000130477","UNC13A",243.368503413753,-2.38416980809703,0.565542732032183,-4.21572000320809,2.48982526715036e-05,0.00350320897180686,-0.0892914061840639
"ENSG00000108309","RUNDC3A",239.29705214209,-3.15764624158082,0.587844062203644,-5.37157121183428,7.80535323969992e-08,5.17841824380536e-05,-0.0886411039090213
"ENSG00000187492","CDHR4",50.5571121655449,-3.33227943734907,0.619195346232565,-5.38162868571931,7.38149055975983e-08,5.08556309219146e-05,-0.0886310566967722
"ENSG00000175894","TSPEAR",21.1262659713876,-1.97137164365298,0.554147304581459,-3.55748665987275,0.000374420109365043,0.0190057991717712,-0.0867918767408072
"ENSG00000185681","MORN5",12.5797229323546,-1.99725412340187,0.57691584939587,-3.46195051755527,0.000536275742838535,0.0223923248985237,-0.0867206131024256
"ENSG00000132639","SNAP25",234.542510994104,-1.99447923670945,0.576528146549992,-3.45946550683542,0.000541248595995063,0.022495095359767,-0.0860189854650854
"ENSG00000095917","TPSD1",167.415080330292,-1.82632467504182,0.562538571956918,-3.24657679683818,0.0011680193076068,0.0335838360468067,-0.0855807775630835
"ENSG00000132932","ATP8A2",568.9546193143,-1.5386548893716,0.482902856116662,-3.18626172921182,0.0014412414930204,0.0372539088953454,0.0855488014663103
"ENSG00000137473","TTC29",15.7811220764793,-2.0869234417087,0.583586638924675,-3.57603019416979,0.00034885137740623,0.0183117878532681,-0.0852422079527596
"ENSG00000128683","GAD1",162.590669071528,-3.08837903084044,0.590778933725197,-5.22763906181701,1.71688258679493e-07,9.09919852900617e-05,-0.0850609941945573
"ENSG00000103316","CRYM",185.50761256862,-1.93960203916069,0.559247128380896,-3.46823781603695,0.000523883449834618,0.0219259912076811,-0.0834143642376363
"ENSG00000127588","GNG13",59.0613560812875,-1.8518663707109,0.546852820059044,-3.38640727958749,0.000708142017309352,0.0257301175579359,-0.0824669050307004
"ENSG00000081479","LRP2",9863.49818732212,-1.78518278796384,0.536268511840367,-3.32889727542915,0.000871905565726985,0.028448896901398,-0.0823516084722833
"ENSG00000152611","CAPSL",104.913115129642,-1.69507816393307,0.533034544876223,-3.1800531133056,0.00147248060814687,0.0375765578405564,-0.0812139834701265
"ENSG00000162006","MSLNL",14.9081742314327,-2.56138617521234,0.625704063415201,-4.0936064267057,4.24714995258278e-05,0.00503673287664342,-0.0801622621670259
"ENSG00000188523","CFAP77",24.6034677846527,-2.5822822482645,0.531268537098928,-4.86059698239508,1.17032292527246e-06,0.000332761818419135,-0.0800213504498734
"ENSG00000171346","KRT15",9204.31275386469,-1.92828470059736,0.553760494905071,-3.48216371218015,0.000497379510016143,0.0213147348395195,-0.0798836843006723
"ENSG00000078898","BPIFB2",722.68630882775,-3.0311885964566,0.609477017095256,-4.97342559511617,6.57800280012872e-07,0.00021820697066427,-0.0791819493965562
"ENSG00000093134","VNN3",15.757518517117,-3.06753591560737,0.661603501369433,-4.63651705176585,3.54328977292041e-06,0.000774035971979552,-0.0771523231687057
"ENSG00000198732","SMOC1",234.017433092935,-1.80678069603473,0.485833551444412,-3.7189294371767,0.000200068926924791,0.0134226018277295,-0.0770973379705142
"ENSG00000183971","NPW",81.3234408316165,-3.12986350233349,0.603549961804713,-5.18575710447349,2.15139058343229e-07,0.000104156377083845,-0.0769709475221794
"ENSG00000129654","FOXJ1",521.453401127097,-2.63913960037841,0.593459789997453,-4.44704029634381,8.70615109219273e-06,0.00162451338035884,-0.0754620481134109
"ENSG00000198576","ARC",208.03475267348,-2.74333158711508,0.522704571860391,-5.24834052503332,1.53475414760017e-07,8.5912659518631e-05,-0.0753339096896524
"ENSG00000183036","PCP4",46.8299020491437,-1.82323365649066,0.583207756166555,-3.12621640781124,0.00177071196039002,0.041735214929561,-0.0752244322199466
"ENSG00000228607","CLDN25",8.9331361575898,-2.09330567759292,0.612210351861536,-3.41925887275157,0.000627919571344508,0.0241371744238072,-0.0751850276450991
"ENSG00000079689","SCGN",86.4052992359222,-3.35030479293751,0.680086896345477,-4.9262892888258,8.3805894503704e-07,0.000272948179680882,-0.0748343999617181
"ENSG00000104313","EYA1",131.910964307991,-1.7960298179961,0.560552783730263,-3.20403335800817,0.00135516774249462,0.0361919156454509,-0.0741595495390081
"ENSG00000179593","ALOX15B",1874.15227045533,-1.74147530121006,0.555374100473174,-3.13567971521598,0.00171456341174411,0.0410053062677867,0.0734898270548279
"ENSG00000204335","SP5",163.541395899363,-1.70477234044358,0.556725102701034,-3.06214383395435,0.00219757827487779,0.0469192129176231,-0.0733137506484112
"ENSG00000187122","SLIT1",273.065115117187,-2.65282179287225,0.606767731606678,-4.37205483199934,1.2308260217164e-05,0.00214056179873843,0.0726970607784832
"ENSG00000174453","VWC2L",3.49489028405911,-3.05308696335289,0.804622225431853,-3.79443528509824,0.000147979870748089,0.0113281253745293,-0.0724896990812493
"ENSG00000204583","LRCOL1",9.41148544292155,-1.88105949005249,0.597575149752778,-3.14782080685701,0.00164492496858835,0.0400347023944607,-0.0723398663062787
"ENSG00000281741","AC241377.1",2.13320797268515,-2.19852018242994,0.715668852832194,-3.0719796924646,0.00212644191308141,0.0462268859090138,-0.0722862570133147
"ENSG00000169562","GJB1",285.739326367016,-3.09803504687487,0.578935266159514,-5.35126330690877,8.7342325320939e-08,5.58772526240707e-05,-0.0718702976622774
"ENSG00000186439","TRDN",22.2542561144062,-1.83286597396854,0.580600185579984,-3.15684703431093,0.00159484985285882,0.0395138940722822,-0.0714047130296143
"ENSG00000159763","PIP",22292.0048834018,-4.3092533100143,0.666493520118889,-6.46555919890356,1.00924882415564e-10,2.00874157634444e-07,-0.0710389149463777
"ENSG00000080572","PIH1D3",5.7244488460915,-2.48826548295537,0.692725100859046,-3.59199555475857,0.000328155448841768,0.0178429843398842,-0.0705966062427268
"ENSG00000228278","ORM2",43.5205698104393,-2.04759700145776,0.61236641609026,-3.34374477054267,0.000826557425421458,0.02788403751845,-0.0697291319346498
"ENSG00000243910","TUBA4B",24.126633690367,-2.76143549551384,0.666544817934029,-4.14291045585347,3.42925865215984e-05,0.00432593734057318,-0.0690918727165336
"ENSG00000108018","SORCS1",682.506283329772,-1.87221372668042,0.58457345963416,-3.20270052604184,0.00136145478459448,0.0361919156454509,-0.0682390511315492
"ENSG00000173826","KCNH6",25.4823105460258,-2.63490817247041,0.663451848293004,-3.9715138020186,7.14173621873782e-05,0.00702911653221157,-0.0677944487816215
"ENSG00000204099","NEU4",42.9653951471657,-2.58449467128543,0.622339452455676,-4.15286972581817,3.28331672953196e-05,0.0042312268040364,-0.0677366453078729
"ENSG00000167858","TEKT1",39.6344849786087,-2.53204012457636,0.654208921336845,-3.87038458509898,0.000108663792949947,0.00935815474733244,-0.0665084977236591
"ENSG00000162746","FCRLB",478.647446553181,-2.21315123377276,0.536539561259277,-4.12486122845894,3.70958355358008e-05,0.00458274277208828,-0.0663947570039292
"ENSG00000196353","CPNE4",69.6072373646153,-3.48534601519235,0.693842564872005,-5.02325194741447,5.08038278223342e-07,0.000175009416881053,-0.0655940130444142
"ENSG00000096088","PGC",42.2667374016757,-2.531313303587,0.657333312801636,-3.8508824279698,0.000117692993274599,0.00980574227222275,-0.0654274537541
"ENSG00000198797","BRINP2",643.611951749376,-3.45614838906858,0.675292881417091,-5.11799914403941,3.08794004104481e-07,0.00012527035846296,-0.0646179811589225
"ENSG00000139445","FOXN4",28.6096671270449,-2.67058550177222,0.665024511541698,-4.01577002865821,5.9252012833021e-05,0.00620690822150821,-0.0643413005734862
"ENSG00000163060","TEKT4",14.5903584730957,-1.70318165098013,0.49384163159963,-3.44884177841236,0.000562996484387196,0.0229203546018815,-0.063714235702425
"ENSG00000188257","PLA2G2A",666.565754684898,-2.93223640888381,0.597863544184354,-4.90452451467695,9.36539251677879e-07,0.000286205771460094,-0.0636511644391016
"ENSG00000156689","GLYATL2",493.553718013114,-1.9753092468559,0.539529722075189,-3.66116854370558,0.000251067520314173,0.0154019605869444,-0.0634533842650183
"ENSG00000167759","KLK13",83.8689131015318,-2.2093826587778,0.698008755366908,-3.16526496521729,0.00154941783834574,0.0387095142793407,-0.0625649021592498
"ENSG00000169064","ZBBX",22.7235886406096,-1.93813182701946,0.63608723225998,-3.04695917277477,0.00231169105940098,0.04825804019365,-0.062465084605273
"ENSG00000159263","SIM2",251.82947486544,-1.77767847940639,0.582283567166423,-3.0529428952583,0.00226609056674416,0.0478418574059323,-0.0623934332175005
"ENSG00000138100","TRIM54",16.3955048546617,-1.99509823982558,0.553714859421793,-3.60311486296201,0.000314426498284917,0.0177024328636005,-0.0609604367267472
"ENSG00000107295","SH3GL2",40.7283923420687,-2.59872913238863,0.589425030260421,-4.40892225299706,1.03886308330682e-05,0.00187160420383599,-0.0609027235842975
"ENSG00000161055","SCGB3A1",376.130528588715,-2.36304977114262,0.627226443133441,-3.76745878145301,0.00016491775942737,0.0120088285553759,-0.0603852400023267
"ENSG00000250803","CTC-441N14.4",8.4678376421332,-3.21999498777713,0.788225388217004,-4.08511960653904,4.40541177225666e-05,0.00512177961339595,-0.0602578394347956
"ENSG00000063015","SEZ6",89.4603284146896,-3.47006330393028,0.719953666687353,-4.81984253222393,1.43671577521045e-06,0.000384117756437981,-0.0598090516305557
"ENSG00000229314","ORM1",87.2037722118802,-2.47190949860167,0.694461211601813,-3.55946373577882,0.000371612841003871,0.0189649596037104,-0.0589137017783764
"ENSG00000233041","PHGR1",194.260014426542,-2.66858854095361,0.678515697383958,-3.93297981349945,8.3899285930643e-05,0.00799408462167877,-0.0582740787066652
"ENSG00000170788","DYDC1",2.95137367671882,-2.86798778020392,0.817160981446693,-3.50969741008249,0.000448616904532692,0.0203444926858079,-0.0580419889612531
"ENSG00000175426","PCSK1",937.089215340739,-4.62024880760165,0.728656851074453,-6.34077453713471,2.28612896318421e-10,4.09514281175188e-07,-0.0574900168165786
"ENSG00000115844","DLX2",268.479752792278,-1.99870127142189,0.650785104567067,-3.07121545560192,0.00213189254088315,0.0462892013149575,-0.0570459758107343
"ENSG00000168243","GNG4",419.797570123871,-1.89418589046799,0.561569739012653,-3.37301987425164,0.000743485859755398,0.0267430967987921,-0.0568025782429429
"ENSG00000109072","VTN",53.5822072630768,-1.69219624698121,0.471837131544491,-3.58639906410512,0.000335275753419808,0.0180897426837621,-0.0563229245451261
"ENSG00000107159","CA9",83.7235531069623,-3.56316632627645,0.64186799192806,-5.55124475918064,2.83642624154449e-08,2.41947158403745e-05,0.0561830853125275
"ENSG00000155511","GRIA1",163.15552687625,-2.85980780401244,0.727536949673252,-3.93080764529805,8.4660986662564e-05,0.0080239801803519,-0.0559463773990225
"ENSG00000129159","KCNC1",98.2660501780679,-1.83973350689964,0.523625715476275,-3.51345140722561,0.00044232531124687,0.0202664482012804,-0.0556381318196926
"ENSG00000172995","ARPP21",19.6857403676667,-2.42999786570831,0.697554089360968,-3.48359776362926,0.000494722399175354,0.0213147348395195,-0.0555803911580083
"ENSG00000166317","SYNPO2L",294.0139828478,-3.45031416266835,0.645893985157972,-5.34192025619263,9.19671132991216e-08,5.68071345009368e-05,-0.055541966751909
"ENSG00000109832","DDX25",28.5226222991508,-1.51160138841587,0.451970686899529,-3.34446775472387,0.00082440612423137,0.02788403751845,-0.0553285599468436
"ENSG00000173335","CST9",1134.78388513779,-2.88749231465618,0.749221196987894,-3.85399175338981,0.000116207510932382,0.00977288799686274,-0.0548895447223892
"ENSG00000140093","SERPINA10",21.0321892105665,-2.13110507968523,0.676256381410757,-3.15132712720503,0.00162530343604427,0.0399918412772816,-0.0547942366107086
"ENSG00000109424","UCP1",54.7892975312027,-3.8696462455333,0.766510681875393,-5.04839180592446,4.45544677053942e-07,0.000156491015687593,-0.0547355067670216
"ENSG00000078328","RBFOX1",8.49964760207366,-1.77818671616383,0.554889729609604,-3.20457673169565,0.0013526123121931,0.0361919156454509,-0.0541518534271792
"ENSG00000127324","TSPAN8",285.507453635436,-2.75646086513654,0.718055356376545,-3.83878602207803,0.000123644123888498,0.0100657507893,-0.0534019748074512
"ENSG00000186329","TMEM212",3.80769230089339,-2.71398038127936,0.819033557944803,-3.31363758536285,0.000920907868375064,0.0294567186507745,-0.0532043837575288
"ENSG00000166159","LRTM2",137.943370556918,-2.3470424406293,0.68329258006124,-3.43490110842261,0.00059277010253524,0.0235438821434895,-0.052861515784039
"ENSG00000102837","OLFM4",627.246311422267,-2.24020553211133,0.72578599045764,-3.08659241369317,0.00202465001055173,0.0445000682687277,-0.0523456195586476
"ENSG00000168539","CHRM1",101.019455974761,-1.9549797352269,0.543505428739216,-3.5969829036702,0.000321929633829479,0.0177437708639614,-0.0522996977762964
"ENSG00000122859","NEUROG3",7.22731396574008,-2.59055028505718,0.799891801427333,-3.23862587469279,0.00120107008842576,0.0342591854999533,-0.0520343834428978
"ENSG00000138650","PCDH10",260.882441782908,-2.67383979995908,0.687637894150735,-3.8884416096082,0.000100889934835034,0.00912748183181802,-0.0519360888884003
"ENSG00000169900","PYDC1",437.672903864115,-3.65186832730759,0.743619636247036,-4.91093584582859,9.06427428217885e-07,0.000284856745994157,-0.0518665756380535
"ENSG00000156959","LHFPL4",14.8916641692962,-2.19954472357122,0.662599381426897,-3.3195695396433,0.000901563473454433,0.0290985702702509,-0.051813333231354
"ENSG00000206013","IFITM5",8.53344770375768,-4.64006920696338,0.904115961840819,-5.13216158413573,2.86433428725978e-07,0.00011932283741322,-0.0513094483804812
"ENSG00000164287","CDC20B",506.343282920302,-4.00398098490867,0.782879881670565,-5.11442569754723,3.14696931325474e-07,0.00012527035846296,-0.0507269807683677
"ENSG00000176029","C11orf16",26.3325680088513,-1.79990535956737,0.470474259591552,-3.82572547354658,0.000130387530724355,0.0103722528249451,-0.0505082571172934
"ENSG00000162460","TMEM82",11.5071914587434,-2.41476794747974,0.760612520569156,-3.17476754875506,0.00149956576183722,0.0379939483617964,-0.0502634002604826
"ENSG00000226321","CROCC2",20.4367249884393,-2.57039717489013,0.670915899537213,-3.8311764211627,0.000127532016404147,0.0101985759368191,-0.0501604685909886
"ENSG00000184956","MUC6",2867.24644214627,-6.34080415450024,0.801877646425619,-7.90744595857544,2.62723122272059e-15,4.7061592892594e-11,-0.0495520457809057
"ENSG00000132437","DDC",18.2696306432179,-2.26048988675946,0.68249064015289,-3.31211851675075,0.000925923110932823,0.0295125634984692,-0.049130691584586
"ENSG00000171102","OBP2B",509.69604693467,-3.95971855207094,0.781412422041504,-5.06738623597235,4.03315397065813e-07,0.000144605492884587,-0.0486616524898902
"ENSG00000255974","CYP2A6",1685.0860182094,-6.10297386532499,0.801639120283,-7.61311880983362,2.6755962361327e-14,1.59759851259484e-10,-0.0478432284819975
"ENSG00000120903","CHRNA2",12.4234435697696,-4.43173429951661,0.861398999271469,-5.14481013242964,2.67791513825024e-07,0.000114213080646373,-0.0475002249967948
"ENSG00000198077","CYP2A7",268.328515303344,-3.53870472044154,0.806809387507979,-4.38604802476538,1.1542864660785e-05,0.00204720133335288,-0.0465868439193326
"ENSG00000196091","MYBPC1",1135.63077613928,-3.32024840241654,0.735884737550375,-4.51191366391025,6.4245340080729e-06,0.00127869641874011,-0.0465297512544782
"ENSG00000135226","UGT2B28",53.9524119948275,-3.29709463756895,0.781974759510035,-4.21636964297265,2.4826669125219e-05,0.00350320897180686,-0.0464394755522103
"ENSG00000163220","S100A9",3259.68224640991,-1.95059503316669,0.575286789030963,-3.39064805651518,0.000697275802764397,0.0254384958348649,-0.0463683235558513
"ENSG00000012223","LTF",53240.6821868726,-2.27507060143409,0.642210720665648,-3.54256091999833,0.000396261883912628,0.0191955500885657,-0.0459879555543309
"ENSG00000150051","MKX",826.855971243711,-2.99393435163076,0.625513724956115,-4.7863607658502,1.6983266217132e-06,0.000434601782496408,-0.0454613065420364
"ENSG00000149972","CNTN5",16.3466969067344,-2.81211756730908,0.767802409624177,-3.66255371441925,0.000249713369103665,0.01537153120534,-0.0448622571090568
"ENSG00000154478","GPR26",249.102847405679,-5.74685479374934,0.842348597183418,-6.8224186672421,8.95203151072228e-12,2.67262900752614e-08,-0.0446876476177959
"ENSG00000106536","POU6F2",9.71537845964641,-2.62469135060707,0.754244059775037,-3.47989661514857,0.000501607306702466,0.0214122800160783,-0.0446032195295926
"ENSG00000260903","XKR7",60.5507181792031,-4.51126026973795,0.829407494121609,-5.4391361323732,5.3539535274934e-08,3.99605706408289e-05,-0.0443631474716868
"ENSG00000164266","SPINK1",18.8987403632329,-1.81783917989391,0.585318875605444,-3.10572451300765,0.00189813464407337,0.0432036669368314,-0.0431087754985205
"ENSG00000173627","APOBEC4",10.6642527091201,-3.86921488482836,0.913896698311835,-4.23375518477706,2.29821126280753e-05,0.00337441461890749,-0.0417485216622215
"ENSG00000108576","SLC6A4",1279.80923142996,-2.39993919570902,0.658734949137391,-3.64325469424649,0.000269212214213897,0.0161308440543562,-0.04088377688689
"ENSG00000170099","SERPINA6",2967.80609121655,-5.73327080898403,0.861011086647524,-6.65876537235703,2.76137343267694e-11,7.06635461422028e-08,-0.040771042147128
"ENSG00000112539","C6orf118",6.75858554672911,-4.35010501304399,0.977108400218995,-4.45201884670014,8.50666975764673e-06,0.0016210635677524,-0.0407033239348984
"ENSG00000134827","TCN1",1625.53797255475,-3.35875524302508,0.726334806440454,-4.62425208491014,3.75952431675589e-06,0.000805232045696484,-0.0389179817225158
"ENSG00000077080","ACTL6B",10.7590658834733,-2.98193302934608,0.921894840107497,-3.23456960557277,0.00121826221586132,0.0344207114711732,-0.0379910369275428
"ENSG00000144355","DLX1",201.771144516295,-2.28449335210023,0.654733170250596,-3.48919751725096,0.000484473022948368,0.0211152439417862,-0.0378385996295547
"ENSG00000043591","ADRB1",76.6340364088948,-2.10996527738679,0.563538549238758,-3.74413654618123,0.00018101519685301,0.0127157851812861,-0.0377813388156257
"ENSG00000118702","GHRH",35.9408129890226,-2.36772226682583,0.768467712410684,-3.08109531290298,0.00206240618330063,0.045218949769234,-0.0374643046083172
"ENSG00000122679","RAMP3",2398.5602810031,-1.23410974260258,0.406500780235094,-3.03593449904045,0.00239791450299165,0.0491462728742442,-0.037393800757331
"ENSG00000185960","SHOX",2.19980883129878,-2.07913696094119,0.649248879832937,-3.20237281191181,0.00136300474564868,0.0361919156454509,0.0372260460754681
"ENSG00000007038","PRSS21",208.710067056675,-2.43730219911346,0.57426388574382,-4.24421987803835,2.19355189739572e-05,0.00332992331678386,-0.0369735885466116
"ENSG00000175766","EIF4E1B",26.649708528437,-2.62961918735688,0.847363632818234,-3.10329483767326,0.00191378875450793,0.043339694006954,-0.0369640370416128
"ENSG00000160181","TFF2",12.5747389749198,-2.29489830536675,0.719249156522338,-3.19068612671425,0.00141935384370269,0.0370085668154967,-0.036220750301963
"ENSG00000185559","DLK1",29.1231160446746,-2.79399162952365,0.885181308236359,-3.15640604193329,0.00159726338371396,0.0395190317575528,-0.0360894197511097
"ENSG00000174844","DNAH12",65.5903867318975,-1.47346029843082,0.392382253417494,-3.75516549384577,0.000173226978285774,0.012264880877601,-0.0359014615704309
"ENSG00000005421","PON1",30.0408658719271,-2.01692712367328,0.624002365123648,-3.23224275483895,0.00122822666859329,0.0345931199913704,-0.035213063120136
"ENSG00000150722","PPP1R1C",51.3813944917274,-2.09427611496561,0.643384942886968,-3.25509034384341,0.0011335630015428,0.0330708697827952,-0.0348229495658626
"ENSG00000101441","CST4",245.226282574844,-2.58127572265547,0.658367778302617,-3.92072001049389,8.82847917813093e-05,0.0081940180061067,-0.034592316114351
"ENSG00000184937","WT1",398.942906760067,-3.16827184752966,0.655525071648841,-4.83318180273489,1.34367973023161e-06,0.000370297461655981,-0.0341544543029154
"ENSG00000100604","CHGA",666.423772440666,-6.48415795224215,0.950389422148436,-6.82263270311254,8.93869920850634e-12,2.67262900752614e-08,-0.0340618295039457
"ENSG00000089199","CHGB",2150.78510399931,-7.38164626582129,0.945696162710129,-7.8055157215266,5.9258716014323e-15,5.30750689982284e-11,-0.0333560467747506
"ENSG00000168594","ADAM29",25.5379162386672,-2.50547286328692,0.79793366731937,-3.13995130911567,0.00168975917205894,0.0405746059639299,-0.0327180083800149
"ENSG00000171303","KCNK3",408.170574071265,-1.77876059016451,0.572717526704866,-3.10582531042592,0.00189748776603608,0.0432036669368314,-0.032131984734424
"ENSG00000137975","CLCA2",564.291377046502,-2.20218522522363,0.629216335504534,-3.49988565293338,0.000465457775425395,0.0208443628279878,-0.0317204645350204
"ENSG00000119919","NKX2-3",4.00329251300129,-4.31664278654649,1.19617204892961,-3.60871397255038,0.000307718652904766,0.0175617080496348,0.0307231961392638
"ENSG00000166426","CRABP1",337.261243580482,-3.64783922163153,0.706522833943103,-5.16308751307151,2.42909504479013e-07,0.000111570203941861,-0.0304647926674748
"ENSG00000159184","HOXB13",312.670438468919,-3.1428461664678,0.940797132185768,-3.34062047911007,0.000835914037146633,0.02788403751845,-0.030064987964611
"ENSG00000133636","NTS",241.958879690441,-6.48359781112723,1.02648835407857,-6.31628969326912,2.67917618268144e-10,4.36291663276115e-07,-0.0297513919492713
"ENSG00000164778","EN2",25.084692089802,-2.13212380820168,0.645515060278484,-3.30298073492174,0.000956629597223591,0.0300396077358301,-0.029468246294866
"ENSG00000153446","C16orf89",1042.31907795993,-2.01047488027723,0.529854882775869,-3.79438775716194,0.00014800821720945,0.0113281253745293,-0.0293931476699714
"ENSG00000213759","UGT2B11",747.834323260103,-3.37512732428331,0.869381901889239,-3.88221484361346,0.000103509363114655,0.00914010565841557,-0.0293324572422172
"ENSG00000124237","C20orf85",46.6928637034893,-3.67266135277107,1.03662328525493,-3.54290840753001,0.000395740123595512,0.0191955500885657,-0.029268793529752
"ENSG00000178171","AMER3",23.3847720509475,-3.67234523007381,1.02515770156043,-3.58222469039057,0.000340680572889967,0.0182530180789251,-0.0284594873300345
"ENSG00000110484","SCGB2A2",77316.4126073246,-2.38105586417028,0.712498224267022,-3.34184112054423,0.000832246833528348,0.02788403751845,-0.0280234372036802
"ENSG00000229637","PRAC2",4.19618787020282,-4.00838525940674,1.1193514689827,-3.58098896591406,0.000342296111429177,0.0182530180789251,-0.0273488856060214
"ENSG00000029534","ANK1",254.371179918092,-1.59270776768732,0.519041277352365,-3.06855704388625,0.00215095258968904,0.0465241831750613,0.0271213852476115
"ENSG00000125820","NKX2-2",31.0633445367018,-4.30170103857562,1.05651944159103,-4.07157773840643,4.66957728280287e-05,0.00523586247366082,-0.0270349661208072
"ENSG00000166006","KCNC2",620.259834209541,-4.00436928432003,0.94032870800659,-4.25847817919855,2.05823306304375e-05,0.00317358818620301,-0.0264816894458615
"ENSG00000224389","C4B",5865.56461664275,-1.09375558740585,0.347175602713206,-3.15043908286774,0.0016302524999119,0.0400037164807149,0.0259595888499956
"ENSG00000176769","TCERG1L",14.7762049831539,-1.93108582876157,0.564134560664941,-3.42309435267609,0.000619125829185236,0.0239171493356108,-0.0257488777104326
"ENSG00000004848","ARX",86.7514607643737,-2.5743379596525,0.684111292920082,-3.76303970756588,0.000167860536911538,0.0120758465770939,-0.0256826153656659
"ENSG00000171557","FGG",75.652727910572,-3.10597413272807,1.00057023350076,-3.10420401160744,0.00190791722524425,0.0433162500073513,-0.0252522308923394
"ENSG00000186474","KLK12",59.6313632477597,-3.32052097373496,0.977251474468737,-3.39781628422724,0.000679260187782107,0.0249804276623185,-0.0246714027501909
"ENSG00000204936","CD177",236.254063149818,-2.53613925312158,0.664585167352397,-3.81612376819236,0.000135564523852933,0.010604224086365,0.0227588416109781
"ENSG00000143556","S100A7",869.783483343471,-5.91654726399724,0.975157434033044,-6.06727391650767,1.30099566053811e-09,1.66462394765851e-06,-0.0226571562805976
"ENSG00000171201","SMR3B",12.1731050392604,-3.47593973141142,1.1300068069345,-3.07603433013027,0.00209773690830128,0.0458253185834156,-0.0224119419280129
"ENSG00000169906","S100G",44.175055029244,-3.5518262016622,1.00005259991519,-3.55163938573174,0.000382839159015557,0.0190494384873491,-0.022407112495325
"ENSG00000173404","INSM1",371.313663672657,-2.357765378844,0.707452791871501,-3.33275294964453,0.000859912626254075,0.0283154685185464,-0.0221277088579241
"ENSG00000118733","OLFM3",8.45383446464343,-3.96611414765758,1.2633618571075,-3.13933345806252,0.00169332636520847,0.0406058302275492,-0.0217905118470272
"ENSG00000166509","CLEC3A",18633.0932193731,-3.73835546911343,1.00037021298867,-3.73697199354312,0.00018624965960025,0.012756166572828,-0.0213569108435988
"ENSG00000136155","SCEL",9.98302184158582,-2.44339361640151,0.754698089085764,-3.23757758464901,0.00120549156303184,0.0342657729398185,0.0210889707810826
"ENSG00000145920","CPLX2",252.815934935649,-4.83559588309602,1.17391665155325,-4.11919864727864,3.80192285943167e-05,0.0046646468617123,-0.0207158932862261
"ENSG00000183072","NKX2-5",18.2577377854751,-5.00999358635197,0.973528439912439,-5.14622211427391,2.65784701581489e-07,0.000114213080646373,-0.0205014400120702
"ENSG00000113327","GABRG2",12.0215337270397,-5.21211924962784,1.27487624766413,-4.08833348270285,4.34483256734856e-05,0.00508686181561535,-0.0203760510191847
"ENSG00000184330","S100A7A",60.9344214397227,-5.61774118991023,1.19289303254792,-4.7093419415077,2.48517845173343e-06,0.000585750021130276,-0.0202702118829384
"ENSG00000182583","VCX",5.68455151847706,-3.29341399661367,1.00163852550314,-3.28802648136895,0.00100892348855022,0.0307361334190479,-0.0200130173669478
"ENSG00000178235","SLITRK1",24.0123916646853,-3.02584133665471,0.938619484744936,-3.22371459982738,0.00126539445187658,0.0350340198090652,-0.019607565083436
"ENSG00000164756","SLC30A8",3112.35267134537,-3.20157689850464,0.774376940019414,-4.13439080252618,3.55897420851982e-05,0.00445817517463046,-0.0195431196308809
"ENSG00000161634","DCD",512.192717041977,-8.380977981008,1.27388517500043,-6.57906862053338,4.73404268107499e-11,1.0600113318262e-07,-0.0190810227911178
"ENSG00000183654","MARCH11",32.5987074071641,-2.83125236267521,0.887020130040814,-3.19186934635287,0.00141355257348627,0.0369478315918655,-0.018898401202976
"ENSG00000179709","NLRP8",18.7482652526955,-2.0566607384922,0.632260768193825,-3.2528678702736,0.0011424660761748,0.0330837148061962,0.0172674457975749
"ENSG00000171401","KRT13",138.714364611512,-3.10719283610961,0.889012772175994,-3.49510483241346,0.00047387559069881,0.020992496430979,0.0164288579394075
"ENSG00000171564","FGB",179.445802372683,-3.32074908658523,1.02960083742585,-3.22527815234454,0.00125850330910504,0.0350055431304327,-0.0159911552839712
"ENSG00000135413","LACRT",138.252956806446,-8.49420230725312,1.49227894405208,-5.69210089112981,1.25485664247775e-08,1.2487915020391e-05,-0.0145806387294543
"ENSG00000188508","KRTDAP",10.5667209076056,-1.84871744244475,0.586237536967515,-3.15352962897562,0.00161308852678405,0.0397985956332396,0.0145730153646384
"ENSG00000186526","CYP4F8",863.447260989653,-2.4513445402246,0.734226465165794,-3.33867635739753,0.000841785771554044,0.0279757115507376,0.0138026519292541
"ENSG00000164326","CARTPT",2593.27434993809,-5.86984888838326,1.48216819791154,-3.96031226189727,7.48518201599673e-05,0.00732688882254368,-0.0132465734186273
"ENSG00000179915","NRXN1",92.5774439479948,-1.95375838044467,0.572399230098355,-3.41327918996145,0.000641861493707838,0.0243661432324992,-0.0125751797972709
"ENSG00000107807","TLX1",24.8158889332904,-2.99248543443233,0.708347311290099,-4.22460195265254,2.39363471993915e-05,0.00343017429906161,0.0118389521347001
"ENSG00000132872","SYT4",43.6923556203159,-5.12221350753808,1.54861408696479,-3.30761133496943,0.000940953010403069,0.0298462757003049,-0.0117695189939778
"ENSG00000147724","FAM135B",162.231369684508,-1.95520239507212,0.545699316898236,-3.58292989294089,0.000339761818146779,0.0182530180789251,-0.0110547383545696
"ENSG00000105877","DNAH11",89.4460350891604,-1.75807484754626,0.522488009107537,-3.36481376969634,0.000765953386793,0.027233662287736,-0.0110214554435506
"ENSG00000171487","NLRP5",90.0430206353327,-3.44316503008138,0.846435861964653,-4.06783925965694,4.74510942715733e-05,0.00527945001047635,-0.00981858646079498
"ENSG00000185860","CCDC190",5.82589664133725,-3.72259708357548,0.941755391088917,-3.95282800480831,7.7232952810089e-05,0.00743803163272647,0.00972078747589264
"ENSG00000156414","TDRD9",151.832738960275,-1.88433244901697,0.519336163930091,-3.62834822585284,0.000285240357983426,0.0169751180483625,-0.009006904982593
"ENSG00000170423","KRT78",1.91070033861179,-3.17337589375163,1.02097157555711,-3.1081922060563,0.00188235604198759,0.0431437083180487,0.00742314147483889
"ENSG00000047457","CP",2590.9470444073,-1.88019939913476,0.603495006165747,-3.11551774235953,0.0018362230193356,0.0424752077503211,-0.00734395932677284
"ENSG00000197444","OGDHL",56.525433514613,-2.07977448783357,0.595967747836351,-3.48974335504589,0.000483484626426236,0.0211152439417862,0.0057631255616339
"ENSG00000168671","UGT3A2",52.9784539265005,-1.84714042812044,0.576063694337589,-3.20648644633725,0.0013436663455141,0.0361919156454509,-0.00428990071425428
"ENSG00000041515","MYO16",70.4474429035694,-1.19727517795049,0.386145948125982,-3.10057682531963,0.0019314410263225,0.0434647023926067,-0.00405137017100845
"ENSG00000009709","PAX7",97.2341995628339,-3.58365125688165,0.94783839650382,-3.78086736103986,0.000156282925616444,0.0115939611689669,0.00392377381466768
"ENSG00000156096","UGT2B4",134.762677495846,-3.06206222632048,0.874875079364374,-3.49999936967592,0.0004652592582181,0.0208443628279878,-0.00278568214631864
"ENSG00000077327","SPAG6",503.927613276529,-2.64939691251608,0.745487256990087,-3.55391307855892,0.000379544633165533,0.0190057991717712,-0.00214490640544677
"ENSG00000141314","RHBDL3",161.4644061525,-1.34387887718196,0.440071662322004,-3.05377281075333,0.00225983147128489,0.0477926341737027,0.000584373883666803
